mapping_code,career_flag,career_current
01-0005,1,"[""9""]"
01-0018,1,"[""9"",""8""]"
01-0021,1,"[""9""]"
01-0024,1,"[""4""]"
01-0030,1,"[""7""]"
01-0040,1,"[""7"",""9""]"
01-0041,1,"[""7"",""9""]"
01-0053,1,"[""7""]"
01-0055,1,"[""7""]"
01-0076,1,"[""8""]"
01-0089,1,"[""7""]"
01-0093,1,"[""8""]"
01-0095,1,"[""7""]"
01-0100,1,"[""7""]"
01-0106,2,[]
01-0111,1,"[""7""]"
01-0114,1,"[""4""]"
01-0120,1,"[""4""]"
01-0123,1,"[""4""]"
01-0125,2,[]
01-0136,1,"[""7""]"
01-0137,1,"[""7""]"
01-0139,1,"[""9""]"
01-0140,1,"[""7"",""9""]"
01-0144,1,"[""7""]"
01-0147,2,[]
01-0149,1,"[""9"",""7""]"
01-0150,1,"[""9""]"
01-0151,1,"[""9"",""7""]"
01-0154,2,"[""4""]"
01-0158,1,"[""7"",""9""]"
01-0160,2,[]
01-0164,1,"[""7""]"
01-0184,1,"[""9""]"
01-0190,1,"[""3"",""9""]"
01-0193,1,"[""7""]"
01-0196,1,"[""7""]"
01-0197,1,"[""7""]"
01-0205,2,[]
01-0207,1,"[""8""]"
01-0208,1,"[""8""]"
01-0210,2,[]
01-0211,2,[]
01-0214,1,"[""7""]"
01-0217,1,"[""9"",""7""]"
01-0231,2,[]
01-0232,2,[]
01-0239,1,"[""7"",""9""]"
01-0249,1,"[""9""]"
01-0267,2,[]
01-0268,1,"[""4""]"
01-0270,1,"[""9"",""7""]"
01-0277,1,"[""8""]"
01-0288,2,[]
01-0295,1,"[""8""]"
01-0297,2,[]
01-0301,1,"[""7""]"
01-0303,1,"[""7""]"
01-0304,1,"[""7""]"
01-0307,1,"[""7""]"
01-0309,1,"[""7""]"
01-0314,1,"[""7"",""9""]"
01-0317,1,"[""7""]"
01-0319,1,"[""4""]"
01-0323,1,"[""7"",""9""]"
01-0325,1,"[""7""]"
01-0327,1,"[""4"",""9""]"
01-0330,1,"[""7""]"
01-0331,2,[]
01-0332,2,[]
01-0334,1,"[""7""]"
01-0335,1,"[""7""]"
01-0339,2,[]
01-0342,1,"[""4""]"
01-0347,1,"[""7""]"
01-0351,1,"[""7""]"
01-0363,1,"[""7""]"
01-0368,2,[]
01-0374,2,[]
01-0379,2,[]
01-0380,1,"[""7"",""9""]"
01-0381,1,"[""8""]"
01-0382,1,"[""7""]"
01-0383,1,"[""7""]"
01-0384,1,"[""7"",""9""]"
01-0390,1,"[""7""]"
01-0394,1,"[""7""]"
01-0397,1,"[""7""]"
01-0400,1,"[""4""]"
01-0401,1,"[""7""]"
01-0402,1,"[""7"",""9""]"
01-0405,1,"[""4""]"
01-0406,1,"[""4""]"
01-0408,1,"[""7""]"
01-0409,1,"[""7""]"
01-0412,1,"[""9"",""7""]"
01-0413,1,"[""7"",""9""]"
01-0414,1,"[""9""]"
01-0417,1,"[""8""]"
01-0418,2,[]
01-0421,1,"[""7""]"
01-0423,2,[]
01-0425,1,"[""9""]"
01-0426,1,"[""9""]"
01-0430,1,"[""9""]"
01-0435,1,"[""7""]"
01-0441,1,"[""7""]"
01-0460,1,"[""4""]"
01-0471,1,"[""7""]"
01-0505,1,"[""7""]"
01-0511,1,"[""7""]"
01-0513,2,[]
01-0528,1,"[""4""]"
01-0542,1,"[""9""]"
01-0558,1,"[""7""]"
01-0566,1,"[""7""]"
01-0577,1,"[""7""]"
01-0578,1,"[""8""]"
01-0583,1,"[""4""]"
01-0585,2,[]
01-0594,2,[]
01-0597,1,"[""9""]"
01-0600,1,"[""6""]"
01-0605,1,"[""4""]"
01-0606,1,"[""8""]"
01-0614,1,"[""7""]"
01-0617,1,"[""9""]"
01-0621,1,"[""8""]"
01-0624,1,"[""9""]"
01-0627,1,"[""4""]"
01-0629,1,"[""7""]"
01-0631,1,"[""7"",""8""]"
01-0636,1,"[""4""]"
01-0639,1,"[""7"",""8""]"
01-0640,1,"[""7"",""8""]"
01-0648,2,[]
01-0658,2,[]
01-0662,1,"[""8""]"
01-0663,1,"[""7""]"
01-0668,2,[]
01-0670,1,"[""4"",""7""]"
01-0674,1,"[""7""]"
01-0675,1,"[""7""]"
01-0680,1,"[""4""]"
01-0682,1,"[""7""]"
01-0684,1,"[""7""]"
01-0690,2,"[""7""]"
01-0691,1,"[""7""]"
01-0696,1,"[""7""]"
01-0697,1,"[""7""]"
01-0706,1,"[""7""]"
01-0711,2,[]
01-0712,1,"[""4""]"
01-0713,1,"[""4""]"
01-0715,2,[]
01-0716,1,"[""7""]"
01-0717,1,"[""7""]"
01-0720,2,[]
01-0721,1,"[""7""]"
01-0726,1,"[""4"",""7""]"
01-0727,1,"[""7""]"
01-0735,1,"[""4""]"
01-0736,1,"[""7""]"
01-0744,1,"[""8"",""9""]"
01-0752,2,[]
01-0756,1,"[""7""]"
01-0757,1,"[""7""]"
01-0765,2,[]
01-0772,1,"[""7"",""4""]"
01-0791,1,"[""4""]"
01-0792,2,[]
01-0799,2,[]
01-0802,1,"[""8""]"
01-0813,1,"[""7""]"
01-0822,2,[]
01-0823,1,"[""7""]"
01-0825,2,[]
01-0827,2,[]
01-0830,1,"[""4"",""7""]"
01-0831,1,"[""4""]"
01-0837,1,"[""7""]"
01-0838,1,"[""9""]"
01-0839,1,"[""7""]"
01-0840,1,"[""7""]"
01-0841,1,"[""7""]"
01-0846,2,[]
01-0851,1,"[""7""]"
01-0855,1,"[""9""]"
01-0860,1,"[""7""]"
01-0872,2,[]
01-0873,2,[]
01-0879,2,[]
01-0886,1,"[""4""]"
01-0887,1,"[""4"",""9""]"
01-0890,1,"[""8""]"
01-0893,1,"[""7""]"
01-0904,2,[]
01-0908,2,[]
01-0916,2,[]
01-0920,1,"[""7""]"
01-0923,2,[]
01-0924,1,"[""4""]"
01-0929,1,"[""7""]"
01-0930,2,[]
01-0934,1,"[""7"",""4""]"
01-0939,2,[]
01-0941,1,"[""7""]"
01-0955,2,[]
01-0956,1,"[""4""]"
01-0960,2,[]
01-0961,1,"[""7""]"
01-0972,1,"[""8""]"
01-0973,1,"[""7""]"
01-0981,1,"[""8""]"
01-0987,1,"[""7""]"
01-0988,2,[]
01-0991,1,"[""9""]"
01-0995,1,"[""7""]"
01-0999,1,"[""7""]"
01-1001,1,"[""7""]"
01-1007,1,"[""9""]"
01-1010,2,[]
01-1015,1,"[""8""]"
01-1021,2,[]
01-1030,2,[]
01-1038,2,[]
01-1041,1,"[""7""]"
01-1048,1,"[""7""]"
01-1057,1,"[""4""]"
01-1059,1,"[""4""]"
01-1064,1,"[""7""]"
01-1068,1,"[""9""]"
01-1070,2,[]
01-1076,1,"[""7""]"
01-1095,2,[]
01-1096,2,[]
01-1101,1,"[""4""]"
01-1102,1,"[""7""]"
01-1109,1,"[""7""]"
01-1114,2,[]
01-1116,2,[]
01-1118,2,[]
01-1122,1,"[""8""]"
01-1124,1,"[""7""]"
01-1125,1,"[""7"",""9""]"
01-1126,1,"[""9""]"
01-1140,1,"[""7""]"
01-1156,1,"[""7""]"
01-1180,1,"[""7""]"
01-1187,2,[]
01-1200,1,"[""7""]"
01-1232,1,"[""7""]"
01-1247,1,"[""9""]"
01-1248,1,"[""7"",""9""]"
01-1249,1,"[""7""]"
01-1253,1,"[""9""]"
01-1257,2,[]
01-1260,2,[]
01-1263,1,"[""7""]"
01-1269,1,"[""7"",""9""]"
01-1271,1,"[""9""]"
01-1272,2,[]
01-1273,1,"[""7""]"
01-1274,1,"[""7""]"
01-1279,1,"[""7""]"
01-1280,1,"[""7""]"
01-1281,2,[]
01-1282,1,"[""9""]"
01-1283,2,[]
01-1286,1,"[""3"",""7""]"
01-1287,1,"[""7""]"
01-1288,2,[]
01-1290,1,"[""7""]"
01-1291,1,"[""7""]"
01-1295,2,[]
01-1296,1,"[""7""]"
01-1299,1,"[""7"",""9""]"
01-1300,2,[]
01-1301,2,[]
01-1304,1,"[""7"",""9""]"
01-1306,2,[]
01-1308,2,[]
01-1309,2,[]
01-1312,1,"[""7""]"
01-1314,2,[]
01-1315,2,[]
01-1316,1,"[""7""]"
01-1318,1,"[""7""]"
01-1322,1,"[""4"",""7""]"
01-1323,1,"[""7""]"
01-1327,2,[]
01-1329,1,"[""7""]"
01-1331,2,[]
01-1334,1,"[""7""]"
01-1335,1,"[""7"",""9""]"
01-1340,1,"[""7"",""9""]"
01-1351,1,"[""9""]"
01-1352,2,[]
01-1357,2,[]
01-1359,1,"[""7""]"
01-1365,1,"[""7"",""8"",""9""]"
01-1370,1,"[""4"",""7""]"
01-1374,1,"[""9""]"
01-1380,1,"[""4"",""8"",""9""]"
01-1382,1,"[""4""]"
01-1386,1,"[""8""]"
01-1387,1,"[""7""]"
01-1390,1,"[""7""]"
01-1391,1,"[""4"",""7""]"
01-1394,2,[]
01-1395,2,[]
01-1403,2,[]
01-1404,2,[]
01-1406,1,"[""4"",""7""]"
01-1408,1,"[""9"",""7""]"
01-1413,1,"[""4""]"
01-1416,2,[]
01-1418,2,[]
01-1424,1,"[""4"",""7""]"
01-1431,1,"[""4"",""7""]"
01-1436,1,"[""9""]"
01-1438,1,"[""4""]"
01-1439,1,"[""4"",""7""]"
01-1442,1,"[""7""]"
01-1444,1,"[""7""]"
01-1445,1,"[""7""]"
01-1446,1,"[""4"",""7""]"
01-1449,1,"[""4"",""9""]"
02-0011,2,[]
02-0012,2,"[""8""]"
02-0016,2,[]
02-0018,1,"[""8""]"
02-0020,2,[]
02-0021,2,[]
02-0022,2,[]
02-0024,2,[]
02-0027,2,[]
02-0030,1,"[""6""]"
02-0036,2,[]
02-0061,1,"[""8""]"
02-0072,1,"[""9""]"
02-0079,2,[]
02-0081,2,[]
02-0083,2,"[""7""]"
02-0086,2,[]
02-0090,2,[]
02-0091,1,"[""8""]"
02-0096,2,[]
02-0097,2,[]
02-0098,2,[]
02-0100,1,"[""7""]"
02-0102,2,[]
02-0103,1,"[""4""]"
02-0104,1,"[""9""]"
02-0105,2,[]
02-0109,2,[]
02-0117,2,[]
02-0121,2,[]
02-0122,1,"[""8""]"
02-0123,2,[]
02-0125,2,[]
02-0146,1,"[""9""]"
02-0152,1,"[""8""]"
02-0155,2,[]
02-0163,2,[]
02-0164,2,[]
02-0168,1,"[""8""]"
02-0175,1,"[""7""]"
02-0183,1,"[""7""]"
02-0184,1,"[""8""]"
02-0186,1,"[""7""]"
02-0187,2,[]
02-0188,1,"[""8""]"
02-0189,2,[]
02-0190,1,"[""8""]"
02-0192,1,"[""4""]"
02-0195,1,"[""4""]"
02-0196,2,[]
02-0197,1,"[""9""]"
02-0198,1,"[""9""]"
02-0200,2,[]
02-0202,1,"[""4""]"
02-0203,1,"[""7""]"
02-0204,1,"[""8""]"
02-0205,2,[]
02-0206,1,"[""7""]"
02-0208,1,"[""4""]"
02-0209,2,[]
02-0211,1,"[""7""]"
02-0212,1,"[""7""]"
02-0213,1,"[""7""]"
02-0214,1,"[""7""]"
02-0218,2,[]
02-0219,2,[]
02-0220,2,[]
02-0221,1,"[""7""]"
02-0222,1,"[""8""]"
02-0225,2,[]
02-0227,1,"[""9""]"
02-0229,2,[]
02-0230,1,"[""8""]"
02-0231,1,"[""7""]"
02-0240,1,"[""9""]"
02-0241,1,"[""7""]"
02-0242,1,"[""7""]"
02-0243,1,"[""9""]"
02-0244,1,"[""7""]"
02-0245,2,[]
02-0247,1,"[""7""]"
02-0249,1,"[""9""]"
02-0250,1,"[""7""]"
02-0257,1,"[""7""]"
02-0258,2,[]
02-0261,1,"[""4""]"
02-0264,2,[]
02-0267,1,"[""7""]"
02-0284,2,[]
02-0285,2,[]
02-0286,1,"[""4""]"
02-0287,2,[]
02-0290,1,"[""4""]"
02-0292,2,[]
02-0294,1,"[""4""]"
02-0312,1,"[""8""]"
02-0314,1,"[""8""]"
02-0320,1,"[""4""]"
02-0321,1,"[""7""]"
02-0322,1,"[""7"",""4""]"
02-0323,1,"[""7""]"
02-0324,1,"[""7""]"
02-0327,2,[]
02-0328,2,[]
02-0330,1,"[""7""]"
02-0331,1,"[""7""]"
02-0334,2,[]
02-0335,1,"[""7""]"
02-0337,1,"[""7""]"
02-0339,1,"[""4""]"
02-0340,2,[]
02-0343,2,[]
02-0344,2,[]
02-0345,1,"[""7""]"
02-0347,1,"[""7""]"
02-0348,2,[]
02-0351,2,[]
02-0353,1,[]
02-0357,1,"[""7""]"
02-0358,2,[]
02-0359,2,[]
02-0362,2,[]
02-0371,1,"[""7""]"
02-0374,2,[]
02-0375,1,"[""9""]"
02-0378,1,"[""8""]"
02-0383,2,[]
02-0388,1,"[""7""]"
02-0389,1,"[""7""]"
02-0394,1,"[""7"",""4""]"
02-0395,1,"[""7""]"
02-0396,1,"[""4""]"
02-0398,1,"[""4""]"
02-0400,1,"[""4""]"
02-0401,2,[]
02-0403,1,"[""4""]"
02-0404,1,"[""7""]"
02-0405,1,"[""7""]"
02-0406,1,"[""8""]"
02-0408,1,"[""7""]"
02-0417,2,[]
02-0420,2,[]
02-0422,1,"[""9""]"
02-0423,2,[]
02-0424,1,[]
02-0426,2,[]
02-0427,2,[]
02-0428,2,[]
02-0431,2,[]
02-0432,2,[]
02-0433,2,[]
02-0438,2,[]
02-0441,2,[]
02-0443,2,[]
02-0446,1,[]
02-0447,1,"[""8""]"
02-0448,2,[]
02-0449,2,[]
02-0451,2,[]
02-0456,1,"[""7""]"
02-0457,2,[]
02-0461,2,[]
02-0462,2,[]
02-0471,2,[]
02-0474,1,"[""9""]"
02-0478,2,[]
02-0479,1,"[""9""]"
02-0489,2,[]
02-0500,1,"[""7""]"
02-0501,1,"[""7""]"
02-0502,2,[]
02-0503,1,"[""4""]"
02-0504,2,[]
02-0505,2,[]
02-0508,1,"[""7""]"
02-0509,2,[]
02-0510,1,"[""7""]"
02-0511,1,"[""7""]"
02-0512,1,"[""8""]"
02-0514,2,[]
02-0515,1,"[""4""]"
02-0516,1,"[""7""]"
02-0517,2,[]
02-0518,2,[]
02-0524,1,"[""7""]"
02-0525,1,[]
02-0526,2,[]
02-0528,2,[]
02-0529,1,"[""7""]"
02-0530,2,[]
02-0531,1,"[""7""]"
02-0532,2,[]
02-0535,2,[]
02-0539,1,"[""7""]"
02-0548,1,"[""9""]"
02-0551,1,"[""4""]"
02-0554,1,"[""4""]"
02-0572,1,"[""4""]"
02-0588,2,[]
02-0593,2,[]
02-0595,1,"[""8""]"
02-0618,2,[]
02-0619,1,"[""7"",""8""]"
02-0626,2,[]
02-0631,1,"[""4""]"
02-0634,2,[]
02-0635,2,[]
02-0662,1,"[""1"",""9""]"
02-0664,1,"[""1""]"
02-0680,2,[]
02-0681,1,"[""8""]"
02-0682,2,[]
02-0684,1,"[""8""]"
02-0685,2,[]
02-0686,1,"[""8""]"
02-0687,2,[]
02-0695,1,"[""7"",""8""]"
02-0700,2,[]
02-0702,2,[]
02-0703,1,[]
02-0704,1,"[""7""]"
02-0716,1,"[""7""]"
02-0722,1,"[""7""]"
02-0725,2,[]
02-0727,1,"[""7""]"
02-0734,1,"[""7""]"
02-0737,1,"[""7""]"
02-0743,1,"[""7""]"
02-0749,1,"[""7""]"
02-0750,1,"[""7""]"
02-0751,1,"[""4""]"
02-0753,1,"[""7""]"
02-0758,1,"[""9""]"
02-0759,1,"[""7""]"
02-0763,1,"[""4""]"
02-0765,1,"[""7""]"
02-0767,1,"[""7""]"
02-0769,1,"[""4""]"
02-0771,1,"[""7"",""4""]"
02-0774,1,"[""1""]"
02-0783,1,"[""1"",""4"",""9""]"
02-0785,2,[]
02-0787,2,[]
02-0788,2,[]
02-0789,2,[]
02-0790,2,[]
02-0793,2,[]
02-0795,1,"[""8""]"
02-0797,1,"[""8""]"
02-0800,1,"[""8""]"
02-0803,2,[]
02-0810,1,"[""7""]"
02-0811,2,[]
02-0812,1,"[""8""]"
02-0813,1,"[""7""]"
02-0817,1,"[""9""]"
02-0819,1,"[""7""]"
02-0820,1,"[""4""]"
02-0822,1,"[""4""]"
02-0823,1,"[""7"",""8""]"
02-0825,1,"[""7""]"
02-0828,2,[]
02-0829,1,"[""8""]"
02-0830,1,"[""7""]"
02-0831,1,"[""8""]"
02-0832,1,"[""4""]"
02-0844,1,"[""7""]"
02-0845,1,"[""7""]"
02-0847,1,"[""8""]"
02-0852,1,"[""7""]"
02-0853,1,"[""4""]"
02-0854,1,"[""4""]"
02-0858,1,"[""7""]"
02-0859,1,"[""7""]"
02-0861,1,"[""7""]"
02-0862,1,"[""4"",""8""]"
02-0863,1,"[""4""]"
02-0864,1,"[""7""]"
02-0876,1,"[""1""]"
02-0877,1,"[""1""]"
02-0878,2,[]
02-0883,1,"[""8""]"
02-0887,1,"[""7""]"
02-0888,1,"[""9""]"
02-0889,1,"[""7""]"
02-0894,1,"[""8"",""7""]"
02-0895,1,"[""4""]"
02-0896,1,"[""8""]"
02-0898,1,"[""4"",""8""]"
02-0901,1,"[""4""]"
02-0902,1,"[""8""]"
02-0903,2,[]
02-0915,1,"[""7""]"
02-0920,1,"[""7"",""8""]"
02-0921,2,"[""7""]"
02-0923,1,"[""7""]"
02-0925,1,"[""8""]"
02-0929,2,[]
02-0932,1,"[""7""]"
02-0936,2,[]
02-0947,1,"[""7""]"
02-0948,1,"[""9""]"
02-0950,1,"[""4""]"
02-0951,1,"[""9""]"
02-0952,1,"[""8""]"
02-0953,1,"[""7""]"
02-0955,1,"[""9""]"
02-0956,1,"[""7""]"
02-0957,1,"[""9"",""7""]"
02-0958,1,"[""7""]"
02-0961,1,[]
02-0963,1,"[""7""]"
02-0966,1,"[""9""]"
02-0972,1,"[""7""]"
02-0977,1,"[""7""]"
02-0978,2,[]
02-0981,2,[]
02-0983,1,"[""7""]"
02-1019,1,"[""8""]"
02-1026,1,"[""7""]"
02-1033,1,"[""4""]"
02-1034,1,[]
02-1035,1,"[""7""]"
02-1036,1,"[""7""]"
02-1037,1,"[""7""]"
03-0028,2,[]
03-0039,2,[]
03-0044,1,"[""9""]"
03-0089,1,"[""8""]"
03-0121,1,"[""8""]"
03-0138,1,"[""8""]"
03-0165,2,[]
03-0179,2,[]
03-0198,1,"[""8""]"
03-0208,2,[]
03-0261,1,"[""8""]"
03-0265,1,"[""8""]"
03-0266,2,[]
03-0274,2,[]
03-0276,1,"[""8""]"
03-0364,1,"[""6"",""8""]"
03-0369,1,"[""4""]"
03-0377,2,[]
03-0380,2,[]
03-0384,2,[]
03-0386,2,[]
03-0387,1,"[""8""]"
03-0413,1,"[""8""]"
03-0423,1,"[""8""]"
03-0424,1,"[""8""]"
03-0430,1,"[""3""]"
03-0431,2,[]
03-0434,1,"[""8""]"
03-0445,2,[]
03-0446,2,[]
03-0456,2,[]
03-0460,2,[]
03-0474,1,"[""8""]"
03-0475,1,"[""4""]"
03-0476,1,"[""8""]"
03-0478,1,"[""8""]"
03-0484,2,[]
03-0502,2,"[""1""]"
03-0520,1,"[""4""]"
03-0531,1,"[""8""]"
03-0534,2,[]
03-0551,1,"[""8""]"
03-0554,2,[]
03-0583,2,[]
03-0589,1,"[""6""]"
03-0592,2,[]
03-0618,1,"[""9""]"
03-0622,2,[]
03-0638,1,"[""4"",""9""]"
03-0650,1,"[""1"",""8""]"
03-0673,2,[]
03-0674,1,"[""8""]"
03-0675,1,"[""1"",""8""]"
03-0708,1,"[""8""]"
03-0718,1,"[""1"",""9""]"
03-0735,1,"[""8""]"
03-0758,1,"[""7""]"
03-0759,1,"[""9""]"
03-0785,2,[]
03-0790,1,"[""6"",""9""]"
03-0804,2,[]
03-0818,2,[]
03-0824,1,"[""4"",""8""]"
03-0857,1,"[""8""]"
03-0858,1,"[""9""]"
03-0860,2,[]
03-0872,1,"[""8""]"
03-0874,2,[]
03-0882,1,"[""8""]"
03-0883,1,"[""8""]"
03-0899,1,"[""8""]"
03-0928,1,"[""8""]"
03-0955,1,"[""8"",""9""]"
03-0965,2,[]
03-0977,1,"[""9""]"
03-0980,1,"[""8""]"
03-0989,2,[]
03-0996,2,[]
03-1000,2,[]
03-1003,1,"[""8""]"
03-1005,2,[]
03-1019,1,"[""8""]"
03-1036,1,"[""8""]"
03-1037,1,"[""8""]"
03-1038,1,"[""8""]"
03-1039,2,[]
03-1058,1,"[""8"",""9""]"
03-1059,1,"[""8""]"
03-1063,2,[]
03-1068,1,"[""8"",""9""]"
03-1072,1,"[""8""]"
03-1077,2,[]
03-1101,1,"[""8""]"
03-1105,1,"[""4""]"
03-1121,2,[]
03-1124,1,"[""8""]"
03-1159,2,[]
03-1227,1,"[""6"",""8"",""9""]"
03-1241,2,[]
03-1245,1,"[""6""]"
03-1255,1,"[""8"",""6""]"
03-1272,1,"[""4""]"
03-1287,1,"[""9""]"
03-1301,1,"[""6""]"
03-1307,2,[]
03-1315,1,"[""8""]"
03-1316,1,"[""8""]"
03-1332,1,"[""6""]"
03-1333,2,[]
03-1349,1,"[""6"",""9""]"
03-1366,1,"[""8"",""6""]"
03-1368,1,"[""9""]"
03-1370,1,"[""8""]"
03-1387,1,"[""8""]"
03-1399,1,"[""9""]"
03-1419,2,[]
03-1432,2,[]
03-1453,1,"[""8""]"
03-1454,1,"[""8""]"
03-1471,1,"[""8""]"
03-1472,1,"[""8""]"
03-1473,1,"[""8""]"
03-1475,1,"[""8""]"
03-1476,1,"[""8""]"
03-1496,1,"[""8""]"
03-1510,2,[]
03-1521,1,"[""8""]"
03-1534,2,[]
03-1543,1,"[""8""]"
03-1544,1,"[""8""]"
03-1549,1,"[""8""]"
03-1555,1,"[""8""]"
03-1570,2,[]
03-1571,1,"[""4""]"
03-1573,1,"[""4""]"
03-1576,1,"[""8""]"
03-1577,1,"[""8""]"
03-1580,2,[]
03-1581,1,"[""4""]"
03-1589,1,"[""8""]"
03-1596,2,[]
03-1601,2,[]
03-1614,1,"[""8""]"
03-1618,1,"[""8""]"
03-1620,1,"[""8""]"
03-1621,1,"[""9""]"
03-1645,1,"[""8""]"
03-1646,1,"[""8""]"
03-1650,2,[]
03-1666,1,"[""6"",""9""]"
03-1680,1,"[""8""]"
03-1690,1,"[""9""]"
03-1694,1,"[""9""]"
03-1695,1,"[""8""]"
03-1709,1,"[""9""]"
03-1715,2,[]
03-1717,1,"[""4""]"
03-1719,2,[]
03-1720,1,"[""9""]"
03-1723,1,"[""8""]"
03-1731,1,"[""8""]"
03-1736,2,[]
03-1765,2,[]
03-1797,1,"[""8""]"
03-1798,2,[]
03-1820,1,"[""6"",""8""]"
03-1847,1,"[""6"",""8""]"
03-1859,1,"[""6"",""8""]"
03-1872,1,"[""8"",""6""]"
03-1873,1,"[""6"",""8""]"
03-1918,1,"[""6"",""4""]"
03-1929,1,"[""9""]"
03-1949,1,"[""8""]"
03-1960,1,"[""6""]"
03-1968,1,"[""8""]"
03-1987,1,"[""6""]"
03-1989,1,"[""8""]"
03-1990,2,[]
03-1998,1,"[""4"",""3""]"
03-2012,1,"[""9""]"
03-2024,1,"[""3""]"
03-2035,2,[]
03-2038,1,"[""6""]"
03-2039,1,"[""8""]"
03-2057,1,"[""8""]"
03-2059,1,"[""8""]"
03-2070,1,"[""6"",""9""]"
03-2071,2,[]
03-2073,1,"[""6""]"
03-2110,2,[]
03-2112,1,"[""6""]"
03-2139,2,[]
03-2170,1,"[""4""]"
03-2182,1,"[""8""]"
03-2188,1,"[""8""]"
03-2210,2,[]
03-2219,1,"[""8""]"
03-2220,1,"[""8""]"
03-2222,1,"[""4""]"
03-2223,1,"[""8""]"
03-2224,1,"[""9""]"
03-2225,1,"[""8""]"
03-2234,2,[]
03-2240,1,"[""8""]"
03-2252,1,"[""4"",""3""]"
03-2255,2,[]
03-2258,1,"[""6""]"
03-2265,2,[]
03-2269,1,"[""8""]"
03-2274,1,"[""8""]"
03-2280,2,[]
03-2281,2,[]
03-2302,2,[]
03-2303,1,"[""8""]"
03-2307,1,"[""2""]"
03-2308,2,[]
03-2311,1,"[""8""]"
03-2313,1,"[""6"",""9""]"
03-2317,1,"[""8""]"
03-2321,2,[]
03-2322,1,"[""8""]"
03-2326,1,"[""8""]"
03-2331,1,"[""8""]"
03-2332,1,"[""9""]"
03-2348,2,[]
03-2462,1,"[""6"",""9""]"
03-2527,1,"[""6""]"
03-2534,1,"[""3""]"
03-2543,1,"[""6"",""9""]"
03-2597,2,[]
03-2685,1,"[""6"",""9""]"
03-2734,1,"[""8""]"
03-2736,1,"[""9""]"
03-2812,1,"[""6""]"
03-2853,1,"[""8""]"
03-2882,2,[]
03-2918,1,"[""8"",""7""]"
03-2947,1,"[""6""]"
03-2962,1,"[""4""]"
03-2967,1,"[""8""]"
03-2981,1,"[""9""]"
03-2986,1,"[""8""]"
03-3030,1,"[""8""]"
03-3041,1,"[""9"",""1""]"
03-3042,1,"[""4"",""9""]"
03-3061,1,"[""8""]"
03-3098,1,"[""6"",""9""]"
03-3156,1,"[""8""]"
03-3183,2,[]
03-3186,1,"[""8""]"
03-3269,1,"[""4""]"
03-3318,1,"[""4""]"
03-3333,1,"[""4""]"
03-3348,1,"[""4""]"
03-3353,1,"[""9""]"
03-3362,2,[]
03-3365,2,[]
03-3392,1,"[""4"",""9""]"
03-3397,1,"[""8""]"
03-3399,2,[]
03-3404,2,"[""8""]"
03-3478,2,[]
03-3523,1,"[""8""]"
03-3557,1,"[""3""]"
03-3573,1,"[""8""]"
03-3577,1,"[""6""]"
04-0012,1,"[""9""]"
04-0013,1,"[""8""]"
04-0020,1,"[""7""]"
04-0024,1,"[""7""]"
04-0025,2,[]
04-0029,1,"[""7""]"
04-0035,1,"[""8""]"
04-0043,1,"[""7""]"
04-0047,1,"[""7""]"
04-0050,1,"[""8""]"
04-0054,1,"[""7""]"
04-0056,1,"[""9""]"
04-0057,1,"[""7""]"
04-0061,1,"[""7""]"
04-0064,1,"[""7""]"
04-0070,1,"[""8""]"
04-0071,1,"[""8""]"
04-0073,1,"[""7""]"
04-0075,1,"[""9""]"
04-0089,1,"[""7""]"
04-0121,1,"[""7""]"
04-0123,1,"[""7""]"
04-0133,1,"[""7""]"
04-0145,1,"[""7""]"
04-0149,2,[]
04-0151,1,"[""7""]"
04-0152,1,"[""7""]"
04-0153,1,"[""7""]"
04-0159,2,[]
04-0184,2,[]
04-0188,1,"[""7""]"
04-0192,2,[]
04-0193,2,[]
04-0194,2,[]
04-0195,2,[]
04-0196,1,"[""7""]"
04-0198,2,[]
04-0203,1,"[""7""]"
04-0206,1,"[""8""]"
04-0214,1,"[""4""]"
04-0217,2,[]
04-0218,2,[]
04-0223,2,[]
04-0224,2,[]
04-0228,1,"[""8""]"
04-0237,1,"[""8""]"
04-0240,1,"[""8""]"
04-0247,1,"[""7""]"
04-0248,2,[]
04-0249,1,"[""9""]"
04-0250,1,"[""7""]"
04-0256,2,[]
04-0269,1,"[""7""]"
04-0272,1,"[""8""]"
04-0273,1,"[""8""]"
04-0275,2,[]
04-0282,1,"[""8""]"
04-0283,1,"[""7""]"
04-0287,2,[]
04-0292,1,"[""7""]"
04-0293,2,[]
04-0301,1,"[""7""]"
04-0306,1,"[""7""]"
04-0307,1,"[""7""]"
04-0312,1,"[""8""]"
04-0333,2,[]
04-0352,2,[]
04-0364,1,"[""7""]"
04-0365,2,[]
04-0371,2,[]
04-0373,1,"[""8""]"
04-0374,2,[]
04-0375,2,[]
04-0376,1,"[""7"",""9""]"
04-0377,1,"[""4"",""7""]"
04-0379,1,"[""7"",""9""]"
04-0382,1,"[""8""]"
04-0383,2,[]
04-0389,2,[]
04-0392,1,"[""7""]"
04-0393,1,"[""7"",""9""]"
04-0394,2,[]
04-0399,1,"[""9""]"
04-0400,2,[]
04-0401,1,"[""7"",""9""]"
04-0408,1,"[""7""]"
04-0409,1,"[""7"",""9""]"
04-0410,1,"[""9""]"
04-0411,2,[]
04-0412,1,"[""9""]"
04-0413,1,"[""7""]"
04-0414,1,"[""9""]"
04-0422,1,"[""7"",""9""]"
04-0424,1,"[""7"",""9""]"
04-0425,2,[]
04-0427,1,"[""9""]"
04-0428,2,[]
04-0431,2,[]
04-0433,1,"[""9""]"
04-0434,1,"[""4"",""3"",""7"",""8""]"
04-0440,1,"[""9""]"
04-0445,2,[]
04-0447,1,"[""9""]"
04-0449,1,"[""8"",""9""]"
04-0452,1,"[""9"",""7""]"
04-0455,2,[]
04-0459,1,"[""7"",""9""]"
04-0468,1,"[""7"",""9""]"
04-0470,2,[]
04-0473,2,[]
04-0474,1,"[""7"",""9""]"
04-0477,1,"[""9"",""7""]"
04-0482,2,[]
04-0489,1,"[""9""]"
04-0495,2,[]
04-0496,1,"[""9""]"
04-0502,1,"[""7"",""9""]"
04-0506,2,[]
04-0508,1,"[""9""]"
04-0511,1,"[""4"",""9""]"
04-0517,2,[]
04-0522,2,[]
04-0524,2,[]
04-0544,1,"[""9""]"
04-0545,1,"[""8""]"
04-0548,2,[]
04-0551,2,[]
04-0553,1,"[""9""]"
04-0557,1,"[""9""]"
04-0564,1,"[""9"",""7""]"
04-0569,2,[]
04-0571,2,[]
04-0573,1,"[""9""]"
04-0586,1,"[""9""]"
04-0588,2,[]
04-0590,2,[]
04-0591,1,"[""7""]"
04-0592,1,"[""7"",""9""]"
04-0594,1,"[""9""]"
04-0598,2,[]
04-0600,1,"[""7""]"
04-0605,1,"[""7""]"
04-0613,1,"[""7""]"
04-0615,1,"[""9"",""7""]"
04-0616,1,"[""7""]"
04-0617,1,"[""7""]"
04-0620,1,"[""7""]"
04-0621,1,"[""7""]"
04-0626,2,[]
04-0629,2,[]
04-0632,1,"[""7""]"
04-0633,1,"[""7""]"
04-0636,1,"[""7""]"
04-0639,2,[]
04-0641,1,"[""7""]"
04-0643,1,"[""7""]"
04-0647,1,"[""9""]"
04-0648,1,"[""7""]"
04-0649,1,"[""7""]"
04-0650,2,[]
04-0651,1,"[""7""]"
04-0653,1,"[""7""]"
04-0657,1,"[""8""]"
04-0658,1,"[""8""]"
04-0660,1,"[""7""]"
04-0661,1,"[""8""]"
04-0663,1,"[""7""]"
04-0670,2,[]
04-0673,1,"[""7""]"
04-0678,1,"[""9""]"
04-0679,1,"[""7"",""9""]"
04-0686,2,[]
04-0719,1,"[""7""]"
04-0724,2,[]
04-0731,2,[]
04-0732,2,[]
04-0733,2,[]
04-0734,1,"[""7""]"
04-0735,1,"[""4"",""8""]"
04-0736,1,"[""7""]"
04-0743,2,[]
04-0748,1,"[""8""]"
04-0749,2,[]
04-0752,2,[]
04-0764,2,[]
04-0769,1,"[""7"",""8""]"
04-0771,2,[]
04-0774,1,"[""7"",""8""]"
04-0777,2,[]
04-0780,2,[]
04-0784,1,"[""7""]"
04-0786,2,[]
04-0788,2,[]
04-0789,1,"[""9""]"
04-0792,1,"[""9"",""8""]"
04-0797,1,"[""7""]"
04-0798,1,"[""7"",""8"",""9""]"
04-0801,2,[]
04-0803,1,"[""7""]"
04-0811,2,[]
04-0813,2,[]
04-0818,2,[]
04-0824,2,[]
04-0829,2,[]
04-0831,1,"[""7""]"
04-0833,2,[]
04-0838,1,"[""8""]"
04-0842,2,[]
04-0843,1,"[""7""]"
04-0850,1,"[""7""]"
04-0851,1,"[""7""]"
04-0861,1,"[""7""]"
04-0862,1,"[""8""]"
04-0865,1,"[""7""]"
04-0870,1,"[""7""]"
04-0871,1,"[""2""]"
04-0876,1,"[""7""]"
04-0880,1,"[""7""]"
04-0882,1,"[""7""]"
04-0887,1,"[""7""]"
04-0888,1,"[""7""]"
04-0893,1,"[""7""]"
04-0900,1,"[""7""]"
04-0902,2,[]
04-0909,2,[]
04-0919,2,[]
04-0920,1,"[""7""]"
04-0925,1,"[""7""]"
04-0928,1,"[""7""]"
04-0931,2,[]
04-0943,2,[]
04-0949,2,[]
04-0961,2,[]
04-0963,2,[]
04-0966,2,[]
04-0968,1,"[""4""]"
04-0969,1,"[""8""]"
04-0986,2,[]
04-0987,2,[]
04-0988,2,[]
04-0990,2,[]
04-0991,2,[]
04-1015,1,"[""7""]"
04-1017,1,"[""9""]"
04-1022,1,"[""7""]"
04-1027,2,[]
04-1029,1,"[""4""]"
04-1031,2,[]
04-1032,1,"[""6""]"
04-1040,1,"[""8""]"
04-1042,1,"[""7""]"
04-1044,1,"[""8""]"
04-1045,2,[]
04-1056,1,"[""7""]"
04-1057,1,"[""7""]"
04-1061,1,"[""9""]"
04-1067,2,[]
04-1072,1,"[""7""]"
04-1074,1,"[""7""]"
04-1078,1,"[""7""]"
04-1083,2,[]
04-1089,2,[]
04-1106,2,[]
04-1109,1,"[""7""]"
04-1110,1,"[""8""]"
04-1113,1,"[""7""]"
04-1114,2,[]
04-1117,1,"[""7""]"
04-1119,2,[]
04-1122,2,[]
04-1123,1,"[""7""]"
04-1125,1,"[""7""]"
04-1126,1,"[""7""]"
04-1128,2,[]
04-1130,1,"[""7""]"
04-1132,2,[]
04-1133,1,"[""4""]"
04-1136,1,"[""7""]"
04-1138,1,"[""7""]"
04-1139,2,[]
04-1142,2,[]
04-1143,2,[]
04-1144,1,"[""7""]"
04-1146,1,"[""3""]"
04-1149,2,[]
04-1150,2,[]
04-1155,1,"[""9"",""7""]"
04-1158,1,"[""7""]"
04-1159,1,"[""9""]"
04-1163,1,"[""7""]"
04-1168,2,[]
04-1172,1,"[""9""]"
04-1178,1,"[""9""]"
04-1180,1,"[""9""]"
04-1185,1,"[""8""]"
04-1186,1,"[""9""]"
04-1187,1,"[""7""]"
04-1191,1,"[""7""]"
04-1195,1,"[""9""]"
04-1200,2,[]
04-1203,2,[]
04-1207,1,"[""7""]"
04-1211,2,[]
04-1213,2,[]
04-1229,2,[]
04-1238,2,[]
04-1239,1,"[""7""]"
04-1247,2,[]
04-1251,1,"[""7""]"
04-1253,1,"[""7""]"
04-1254,1,"[""7"",""9""]"
04-1259,1,"[""9""]"
04-1283,1,"[""8""]"
04-1293,1,"[""7""]"
04-1295,1,"[""4"",""9""]"
04-1306,1,"[""9"",""7""]"
04-1311,2,[]
04-1312,1,"[""7""]"
04-1314,1,"[""9""]"
04-1316,2,[]
04-1319,1,"[""7""]"
04-1322,1,"[""9""]"
04-1323,1,"[""8"",""9""]"
04-1328,1,"[""7"",""9""]"
04-1330,1,"[""7""]"
04-1340,1,"[""7""]"
