mapping_code,area_id,gender,age,Area Name
01-0005,1,1,74,Mae Ngoen
01-0018,1,0,67,Mae Ngoen
01-0021,1,1,63,Mae Ngoen
01-0024,1,1,61,Mae Ngoen
01-0030,1,0,61,Mae Ngoen
01-0040,1,1,71,Mae Ngoen
01-0041,1,0,69,Mae Ngoen
01-0053,1,1,68,Mae Ngoen
01-0055,1,1,64,Mae Ngoen
01-0076,1,0,73,Mae Ngoen
01-0089,1,1,65,Mae Ngoen
01-0093,1,0,81,Mae Ngoen
01-0095,1,0,70,Mae Ngoen
01-0100,1,1,77,Mae Ngoen
01-0106,1,1,76,Mae Ngoen
01-0111,1,1,70,Mae Ngoen
01-0114,1,0,62,Mae Ngoen
01-0120,1,1,63,Mae Ngoen
01-0123,1,1,66,Mae Ngoen
01-0125,1,0,71,Mae Ngoen
01-0136,1,0,74,Mae Ngoen
01-0137,1,0,65,Mae Ngoen
01-0139,1,1,69,Mae Ngoen
01-0140,1,0,68,Mae Ngoen
01-0144,1,0,67,Mae Ngoen
01-0147,1,1,78,Mae Ngoen
01-0149,1,0,72,Mae Ngoen
01-0150,1,1,66,Mae Ngoen
01-0151,1,0,66,Mae Ngoen
01-0154,1,0,63,Mae Ngoen
01-0158,1,1,70,Mae Ngoen
01-0160,1,0,64,Mae Ngoen
01-0164,1,0,67,Mae Ngoen
01-0184,1,1,71,Mae Ngoen
01-0190,1,0,71,Mae Ngoen
01-0193,1,0,61,Mae Ngoen
01-0196,1,0,65,Mae Ngoen
01-0197,1,1,68,Mae Ngoen
01-0205,1,1,65,Mae Ngoen
01-0207,1,0,63,Mae Ngoen
01-0208,1,1,75,Mae Ngoen
01-0210,1,1,72,Mae Ngoen
01-0211,1,0,67,Mae Ngoen
01-0214,1,0,64,Mae Ngoen
01-0217,1,0,63,Mae Ngoen
01-0231,1,1,67,Mae Ngoen
01-0232,1,0,64,Mae Ngoen
01-0239,1,1,71,Mae Ngoen
01-0249,1,1,75,Mae Ngoen
01-0267,1,0,61,Mae Ngoen
01-0268,1,1,72,Mae Ngoen
01-0270,1,0,65,Mae Ngoen
01-0277,1,1,67,Mae Ngoen
01-0288,1,0,65,Mae Ngoen
01-0295,1,0,69,Mae Ngoen
01-0297,1,1,76,Mae Ngoen
01-0301,1,1,67,Mae Ngoen
01-0303,1,0,66,Mae Ngoen
01-0304,1,1,72,Mae Ngoen
01-0307,1,0,66,Mae Ngoen
01-0309,1,0,88,Mae Ngoen
01-0314,1,1,64,Mae Ngoen
01-0317,1,0,82,Mae Ngoen
01-0319,1,0,70,Mae Ngoen
01-0323,1,0,63,Mae Ngoen
01-0325,1,1,75,Mae Ngoen
01-0327,1,0,67,Mae Ngoen
01-0330,1,0,63,Mae Ngoen
01-0331,1,0,85,Mae Ngoen
01-0332,1,0,68,Mae Ngoen
01-0334,1,1,82,Mae Ngoen
01-0335,1,0,71,Mae Ngoen
01-0339,1,1,85,Mae Ngoen
01-0342,1,0,74,Mae Ngoen
01-0347,1,0,65,Mae Ngoen
01-0351,1,1,75,Mae Ngoen
01-0363,1,1,71,Mae Ngoen
01-0368,1,0,69,Mae Ngoen
01-0374,1,1,83,Mae Ngoen
01-0379,1,0,69,Mae Ngoen
01-0380,1,1,86,Mae Ngoen
01-0381,1,0,65,Mae Ngoen
01-0382,1,1,61,Mae Ngoen
01-0383,1,0,62,Mae Ngoen
01-0384,1,1,69,Mae Ngoen
01-0390,1,0,88,Mae Ngoen
01-0394,1,0,62,Mae Ngoen
01-0397,1,1,65,Mae Ngoen
01-0400,1,1,66,Mae Ngoen
01-0401,1,0,63,Mae Ngoen
01-0402,1,1,66,Mae Ngoen
01-0405,1,0,63,Mae Ngoen
01-0406,1,1,63,Mae Ngoen
01-0408,1,1,60,Mae Ngoen
01-0409,1,0,75,Mae Ngoen
01-0412,1,0,67,Mae Ngoen
01-0413,1,1,62,Mae Ngoen
01-0414,1,0,67,Mae Ngoen
01-0417,1,1,62,Mae Ngoen
01-0418,1,0,74,Mae Ngoen
01-0421,1,1,70,Mae Ngoen
01-0423,1,0,60,Mae Ngoen
01-0425,1,0,69,Mae Ngoen
01-0426,1,1,81,Mae Ngoen
01-0430,1,0,67,Mae Ngoen
01-0435,1,1,68,Mae Ngoen
01-0441,1,1,77,Mae Ngoen
01-0460,1,1,67,Mae Ngoen
01-0471,1,1,67,Mae Ngoen
01-0505,1,1,70,Mae Ngoen
01-0511,1,1,77,Mae Ngoen
01-0513,1,0,62,Mae Ngoen
01-0528,1,0,61,Mae Ngoen
01-0542,1,0,70,Mae Ngoen
01-0558,1,0,66,Mae Ngoen
01-0566,1,0,63,Mae Ngoen
01-0577,1,1,82,Mae Ngoen
01-0578,1,0,65,Mae Ngoen
01-0583,1,0,67,Mae Ngoen
01-0585,1,0,70,Mae Ngoen
01-0594,1,1,76,Mae Ngoen
01-0597,1,0,72,Mae Ngoen
01-0600,1,0,75,Mae Ngoen
01-0605,1,0,66,Mae Ngoen
01-0606,1,0,86,Mae Ngoen
01-0614,1,0,63,Mae Ngoen
01-0617,1,0,67,Mae Ngoen
01-0621,1,0,61,Mae Ngoen
01-0624,1,0,64,Mae Ngoen
01-0627,1,0,65,Mae Ngoen
01-0629,1,1,79,Mae Ngoen
01-0631,1,0,68,Mae Ngoen
01-0636,1,0,71,Mae Ngoen
01-0639,1,0,69,Mae Ngoen
01-0640,1,1,73,Mae Ngoen
01-0648,1,0,73,Mae Ngoen
01-0658,1,0,63,Mae Ngoen
01-0662,1,1,62,Mae Ngoen
01-0663,1,1,64,Mae Ngoen
01-0668,1,1,70,Mae Ngoen
01-0670,1,1,62,Mae Ngoen
01-0674,1,0,66,Mae Ngoen
01-0675,1,1,70,Mae Ngoen
01-0680,1,0,63,Mae Ngoen
01-0682,1,1,75,Mae Ngoen
01-0684,1,0,66,Mae Ngoen
01-0690,1,0,67,Mae Ngoen
01-0691,1,1,73,Mae Ngoen
01-0696,1,0,62,Mae Ngoen
01-0697,1,1,63,Mae Ngoen
01-0706,1,0,68,Mae Ngoen
01-0711,1,1,68,Mae Ngoen
01-0712,1,1,67,Mae Ngoen
01-0713,1,1,63,Mae Ngoen
01-0715,1,0,67,Mae Ngoen
01-0716,1,1,69,Mae Ngoen
01-0717,1,0,65,Mae Ngoen
01-0720,1,0,65,Mae Ngoen
01-0721,1,1,73,Mae Ngoen
01-0726,1,1,64,Mae Ngoen
01-0727,1,0,73,Mae Ngoen
01-0735,1,1,80,Mae Ngoen
01-0736,1,0,65,Mae Ngoen
01-0744,1,0,69,Mae Ngoen
01-0752,1,0,75,Mae Ngoen
01-0756,1,1,70,Mae Ngoen
01-0757,1,0,65,Mae Ngoen
01-0765,1,0,63,Mae Ngoen
01-0772,1,1,69,Mae Ngoen
01-0791,1,0,63,Mae Ngoen
01-0792,1,1,66,Mae Ngoen
01-0799,1,0,67,Mae Ngoen
01-0802,1,1,63,Mae Ngoen
01-0813,1,1,71,Mae Ngoen
01-0822,1,1,87,Mae Ngoen
01-0823,1,1,67,Mae Ngoen
01-0825,1,1,76,Mae Ngoen
01-0827,1,1,68,Mae Ngoen
01-0830,1,1,60,Mae Ngoen
01-0831,1,1,66,Mae Ngoen
01-0837,1,1,78,Mae Ngoen
01-0838,1,1,62,Mae Ngoen
01-0839,1,0,63,Mae Ngoen
01-0840,1,0,69,Mae Ngoen
01-0841,1,1,76,Mae Ngoen
01-0846,1,0,68,Mae Ngoen
01-0851,1,0,63,Mae Ngoen
01-0855,1,0,60,Mae Ngoen
01-0860,1,1,69,Mae Ngoen
01-0872,1,0,77,Mae Ngoen
01-0873,1,0,73,Mae Ngoen
01-0879,1,1,69,Mae Ngoen
01-0886,1,1,61,Mae Ngoen
01-0887,1,1,62,Mae Ngoen
01-0890,1,1,67,Mae Ngoen
01-0893,1,0,62,Mae Ngoen
01-0904,1,0,62,Mae Ngoen
01-0908,1,0,75,Mae Ngoen
01-0916,1,1,74,Mae Ngoen
01-0920,1,0,62,Mae Ngoen
01-0923,1,1,71,Mae Ngoen
01-0924,1,0,71,Mae Ngoen
01-0929,1,0,70,Mae Ngoen
01-0930,1,1,72,Mae Ngoen
01-0934,1,0,60,Mae Ngoen
01-0939,1,1,79,Mae Ngoen
01-0941,1,0,72,Mae Ngoen
01-0955,1,0,61,Mae Ngoen
01-0956,1,1,62,Mae Ngoen
01-0960,1,1,65,Mae Ngoen
01-0961,1,0,78,Mae Ngoen
01-0972,1,1,65,Mae Ngoen
01-0973,1,0,73,Mae Ngoen
01-0981,1,0,61,Mae Ngoen
01-0987,1,1,67,Mae Ngoen
01-0988,1,0,73,Mae Ngoen
01-0991,1,0,70,Mae Ngoen
01-0995,1,1,67,Mae Ngoen
01-0999,1,1,73,Mae Ngoen
01-1001,1,1,69,Mae Ngoen
01-1007,1,1,65,Mae Ngoen
01-1010,1,0,78,Mae Ngoen
01-1015,1,0,65,Mae Ngoen
01-1021,1,0,79,Mae Ngoen
01-1030,1,0,71,Mae Ngoen
01-1038,1,0,76,Mae Ngoen
01-1041,1,0,68,Mae Ngoen
01-1048,1,1,63,Mae Ngoen
01-1057,1,1,64,Mae Ngoen
01-1059,1,1,65,Mae Ngoen
01-1064,1,1,67,Mae Ngoen
01-1068,1,0,64,Mae Ngoen
01-1070,1,0,69,Mae Ngoen
01-1076,1,0,65,Mae Ngoen
01-1095,1,0,68,Mae Ngoen
01-1096,1,1,75,Mae Ngoen
01-1101,1,1,62,Mae Ngoen
01-1102,1,1,67,Mae Ngoen
01-1109,1,1,73,Mae Ngoen
01-1114,1,0,61,Mae Ngoen
01-1116,1,1,80,Mae Ngoen
01-1118,1,1,68,Mae Ngoen
01-1122,1,0,61,Mae Ngoen
01-1124,1,1,81,Mae Ngoen
01-1125,1,1,69,Mae Ngoen
01-1126,1,0,64,Mae Ngoen
01-1140,1,0,74,Mae Ngoen
01-1156,1,1,73,Mae Ngoen
01-1180,1,0,67,Mae Ngoen
01-1187,1,1,71,Mae Ngoen
01-1200,1,1,63,Mae Ngoen
01-1232,1,0,63,Mae Ngoen
01-1247,1,0,67,Mae Ngoen
01-1248,1,1,68,Mae Ngoen
01-1249,1,0,67,Mae Ngoen
01-1253,1,0,67,Mae Ngoen
01-1257,1,1,71,Mae Ngoen
01-1260,1,0,77,Mae Ngoen
01-1263,1,1,92,Mae Ngoen
01-1269,1,0,61,Mae Ngoen
01-1271,1,0,60,Mae Ngoen
01-1272,1,1,72,Mae Ngoen
01-1273,1,0,70,Mae Ngoen
01-1274,1,0,64,Mae Ngoen
01-1279,1,1,70,Mae Ngoen
01-1280,1,0,61,Mae Ngoen
01-1281,1,1,72,Mae Ngoen
01-1282,1,0,71,Mae Ngoen
01-1283,1,0,62,Mae Ngoen
01-1286,1,1,62,Mae Ngoen
01-1287,1,0,60,Mae Ngoen
01-1288,1,0,81,Mae Ngoen
01-1290,1,1,65,Mae Ngoen
01-1291,1,0,61,Mae Ngoen
01-1295,1,0,82,Mae Ngoen
01-1296,1,1,61,Mae Ngoen
01-1299,1,0,62,Mae Ngoen
01-1300,1,1,71,Mae Ngoen
01-1301,1,0,63,Mae Ngoen
01-1304,1,0,63,Mae Ngoen
01-1306,1,0,64,Mae Ngoen
01-1308,1,0,73,Mae Ngoen
01-1309,1,1,78,Mae Ngoen
01-1312,1,1,61,Mae Ngoen
01-1314,1,0,80,Mae Ngoen
01-1315,1,0,61,Mae Ngoen
01-1316,1,1,70,Mae Ngoen
01-1318,1,1,61,Mae Ngoen
01-1322,1,1,60,Mae Ngoen
01-1323,1,1,60,Mae Ngoen
01-1327,1,1,73,Mae Ngoen
01-1329,1,0,62,Mae Ngoen
01-1331,1,0,74,Mae Ngoen
01-1334,1,1,69,Mae Ngoen
01-1335,1,0,62,Mae Ngoen
01-1340,1,0,61,Mae Ngoen
01-1351,1,0,63,Mae Ngoen
01-1352,1,0,72,Mae Ngoen
01-1357,1,0,86,Mae Ngoen
01-1359,1,0,64,Mae Ngoen
01-1365,1,0,65,Mae Ngoen
01-1370,1,0,63,Mae Ngoen
01-1374,1,1,72,Mae Ngoen
01-1380,1,0,62,Mae Ngoen
01-1382,1,1,62,Mae Ngoen
01-1386,1,0,62,Mae Ngoen
01-1387,1,1,65,Mae Ngoen
01-1390,1,0,69,Mae Ngoen
01-1391,1,0,66,Mae Ngoen
01-1394,1,0,88,Mae Ngoen
01-1395,1,0,82,Mae Ngoen
01-1403,1,0,67,Mae Ngoen
01-1404,1,0,66,Mae Ngoen
01-1406,1,1,69,Mae Ngoen
01-1408,1,1,69,Mae Ngoen
01-1413,1,1,74,Mae Ngoen
01-1416,1,0,76,Mae Ngoen
01-1418,1,1,67,Mae Ngoen
01-1424,1,1,71,Mae Ngoen
01-1431,1,1,66,Mae Ngoen
01-1436,1,1,75,Mae Ngoen
01-1438,1,0,64,Mae Ngoen
01-1439,1,0,67,Mae Ngoen
01-1442,1,0,66,Mae Ngoen
01-1444,1,0,68,Mae Ngoen
01-1445,1,1,73,Mae Ngoen
01-1446,1,1,67,Mae Ngoen
01-1449,1,0,69,Mae Ngoen
02-0011,2,1,68,Si Song Rak
02-0012,2,0,70,Si Song Rak
02-0016,2,0,68,Si Song Rak
02-0018,2,1,70,Si Song Rak
02-0020,2,1,68,Si Song Rak
02-0021,2,0,67,Si Song Rak
02-0022,2,0,66,Si Song Rak
02-0024,2,0,65,Si Song Rak
02-0027,2,1,70,Si Song Rak
02-0030,2,1,65,Si Song Rak
02-0036,2,0,72,Si Song Rak
02-0061,2,0,78,Si Song Rak
02-0072,2,1,76,Si Song Rak
02-0079,2,1,88,Si Song Rak
02-0081,2,1,65,Si Song Rak
02-0083,2,0,65,Si Song Rak
02-0086,2,1,63,Si Song Rak
02-0090,2,0,63,Si Song Rak
02-0091,2,1,63,Si Song Rak
02-0096,2,0,63,Si Song Rak
02-0097,2,1,63,Si Song Rak
02-0098,2,0,67,Si Song Rak
02-0100,2,1,62,Si Song Rak
02-0102,2,0,62,Si Song Rak
02-0103,2,0,62,Si Song Rak
02-0104,2,0,62,Si Song Rak
02-0105,2,0,62,Si Song Rak
02-0109,2,1,62,Si Song Rak
02-0117,2,0,61,Si Song Rak
02-0121,2,1,60,Si Song Rak
02-0122,2,1,65,Si Song Rak
02-0123,2,0,65,Si Song Rak
02-0125,2,0,68,Si Song Rak
02-0146,2,1,64,Si Song Rak
02-0152,2,1,64,Si Song Rak
02-0155,2,1,64,Si Song Rak
02-0163,2,1,62,Si Song Rak
02-0164,2,0,62,Si Song Rak
02-0168,2,1,66,Si Song Rak
02-0175,2,1,65,Si Song Rak
02-0183,2,1,71,Si Song Rak
02-0184,2,0,69,Si Song Rak
02-0186,2,1,71,Si Song Rak
02-0187,2,0,69,Si Song Rak
02-0188,2,0,68,Si Song Rak
02-0189,2,0,66,Si Song Rak
02-0190,2,0,67,Si Song Rak
02-0192,2,0,67,Si Song Rak
02-0195,2,1,70,Si Song Rak
02-0196,2,0,69,Si Song Rak
02-0197,2,0,72,Si Song Rak
02-0198,2,0,71,Si Song Rak
02-0200,2,0,70,Si Song Rak
02-0202,2,0,70,Si Song Rak
02-0203,2,1,70,Si Song Rak
02-0204,2,0,66,Si Song Rak
02-0205,2,1,69,Si Song Rak
02-0206,2,1,67,Si Song Rak
02-0208,2,0,66,Si Song Rak
02-0209,2,1,73,Si Song Rak
02-0211,2,1,68,Si Song Rak
02-0212,2,0,65,Si Song Rak
02-0213,2,0,66,Si Song Rak
02-0214,2,1,69,Si Song Rak
02-0218,2,1,76,Si Song Rak
02-0219,2,0,75,Si Song Rak
02-0220,2,0,76,Si Song Rak
02-0221,2,1,82,Si Song Rak
02-0222,2,0,78,Si Song Rak
02-0225,2,1,82,Si Song Rak
02-0227,2,1,77,Si Song Rak
02-0229,2,1,75,Si Song Rak
02-0230,2,0,75,Si Song Rak
02-0231,2,1,75,Si Song Rak
02-0240,2,0,64,Si Song Rak
02-0241,2,0,64,Si Song Rak
02-0242,2,1,64,Si Song Rak
02-0243,2,1,64,Si Song Rak
02-0244,2,1,63,Si Song Rak
02-0245,2,0,63,Si Song Rak
02-0247,2,0,62,Si Song Rak
02-0249,2,1,61,Si Song Rak
02-0250,2,0,61,Si Song Rak
02-0257,2,1,60,Si Song Rak
02-0258,2,0,67,Si Song Rak
02-0261,2,1,60,Si Song Rak
02-0264,2,1,73,Si Song Rak
02-0267,2,1,72,Si Song Rak
02-0284,2,0,64,Si Song Rak
02-0285,2,1,66,Si Song Rak
02-0286,2,1,66,Si Song Rak
02-0287,2,1,71,Si Song Rak
02-0290,2,1,70,Si Song Rak
02-0292,2,0,70,Si Song Rak
02-0294,2,1,73,Si Song Rak
02-0312,2,0,62,Si Song Rak
02-0314,2,0,62,Si Song Rak
02-0320,2,1,66,Si Song Rak
02-0321,2,1,65,Si Song Rak
02-0322,2,1,66,Si Song Rak
02-0323,2,1,69,Si Song Rak
02-0324,2,1,66,Si Song Rak
02-0327,2,0,67,Si Song Rak
02-0328,2,0,68,Si Song Rak
02-0330,2,0,67,Si Song Rak
02-0331,2,1,66,Si Song Rak
02-0334,2,0,67,Si Song Rak
02-0335,2,1,65,Si Song Rak
02-0337,2,1,74,Si Song Rak
02-0339,2,0,65,Si Song Rak
02-0340,2,0,74,Si Song Rak
02-0343,2,0,73,Si Song Rak
02-0344,2,0,73,Si Song Rak
02-0345,2,1,70,Si Song Rak
02-0347,2,1,64,Si Song Rak
02-0348,2,0,71,Si Song Rak
02-0351,2,0,81,Si Song Rak
02-0353,2,1,77,Si Song Rak
02-0357,2,1,78,Si Song Rak
02-0358,2,0,80,Si Song Rak
02-0359,2,1,77,Si Song Rak
02-0362,2,0,81,Si Song Rak
02-0371,2,0,75,Si Song Rak
02-0374,2,0,89,Si Song Rak
02-0375,2,1,88,Si Song Rak
02-0378,2,0,86,Si Song Rak
02-0383,2,0,63,Si Song Rak
02-0388,2,0,63,Si Song Rak
02-0389,2,1,63,Si Song Rak
02-0394,2,1,62,Si Song Rak
02-0395,2,0,61,Si Song Rak
02-0396,2,0,61,Si Song Rak
02-0398,2,1,63,Si Song Rak
02-0400,2,1,61,Si Song Rak
02-0401,2,0,61,Si Song Rak
02-0403,2,1,60,Si Song Rak
02-0404,2,0,60,Si Song Rak
02-0405,2,1,60,Si Song Rak
02-0406,2,1,60,Si Song Rak
02-0408,2,1,68,Si Song Rak
02-0417,2,0,67,Si Song Rak
02-0420,2,0,67,Si Song Rak
02-0422,2,0,67,Si Song Rak
02-0423,2,0,67,Si Song Rak
02-0424,2,0,68,Si Song Rak
02-0426,2,1,67,Si Song Rak
02-0427,2,1,67,Si Song Rak
02-0428,2,0,67,Si Song Rak
02-0431,2,1,66,Si Song Rak
02-0432,2,1,69,Si Song Rak
02-0433,2,1,74,Si Song Rak
02-0438,2,0,73,Si Song Rak
02-0441,2,1,74,Si Song Rak
02-0443,2,1,65,Si Song Rak
02-0446,2,1,69,Si Song Rak
02-0447,2,0,68,Si Song Rak
02-0448,2,1,67,Si Song Rak
02-0449,2,1,72,Si Song Rak
02-0451,2,1,69,Si Song Rak
02-0456,2,1,69,Si Song Rak
02-0457,2,1,68,Si Song Rak
02-0461,2,0,70,Si Song Rak
02-0462,2,0,70,Si Song Rak
02-0471,2,1,80,Si Song Rak
02-0474,2,1,76,Si Song Rak
02-0478,2,0,75,Si Song Rak
02-0479,2,1,76,Si Song Rak
02-0489,2,0,75,Si Song Rak
02-0500,2,1,63,Si Song Rak
02-0501,2,0,64,Si Song Rak
02-0502,2,1,64,Si Song Rak
02-0503,2,1,64,Si Song Rak
02-0504,2,0,64,Si Song Rak
02-0505,2,0,64,Si Song Rak
02-0508,2,1,63,Si Song Rak
02-0509,2,1,63,Si Song Rak
02-0510,2,0,63,Si Song Rak
02-0511,2,1,63,Si Song Rak
02-0512,2,0,62,Si Song Rak
02-0514,2,0,62,Si Song Rak
02-0515,2,0,62,Si Song Rak
02-0516,2,1,62,Si Song Rak
02-0517,2,0,62,Si Song Rak
02-0518,2,1,62,Si Song Rak
02-0524,2,0,61,Si Song Rak
02-0525,2,1,61,Si Song Rak
02-0526,2,0,61,Si Song Rak
02-0528,2,1,61,Si Song Rak
02-0529,2,0,60,Si Song Rak
02-0530,2,0,60,Si Song Rak
02-0531,2,0,60,Si Song Rak
02-0532,2,0,60,Si Song Rak
02-0535,2,0,59,Si Song Rak
02-0539,2,1,69,Si Song Rak
02-0548,2,1,65,Si Song Rak
02-0551,2,1,66,Si Song Rak
02-0554,2,1,66,Si Song Rak
02-0572,2,0,68,Si Song Rak
02-0588,2,1,75,Si Song Rak
02-0593,2,1,81,Si Song Rak
02-0595,2,0,76,Si Song Rak
02-0618,2,0,63,Si Song Rak
02-0619,2,0,63,Si Song Rak
02-0626,2,0,61,Si Song Rak
02-0631,2,0,60,Si Song Rak
02-0634,2,1,61,Si Song Rak
02-0635,2,1,62,Si Song Rak
02-0662,2,1,67,Si Song Rak
02-0664,2,0,65,Si Song Rak
02-0680,2,1,68,Si Song Rak
02-0681,2,0,70,Si Song Rak
02-0682,2,0,68,Si Song Rak
02-0684,2,0,67,Si Song Rak
02-0685,2,0,66,Si Song Rak
02-0686,2,0,71,Si Song Rak
02-0687,2,0,79,Si Song Rak
02-0695,2,1,75,Si Song Rak
02-0700,2,0,64,Si Song Rak
02-0702,2,0,62,Si Song Rak
02-0703,2,0,61,Si Song Rak
02-0704,2,1,61,Si Song Rak
02-0716,2,0,67,Si Song Rak
02-0722,2,0,67,Si Song Rak
02-0725,2,0,67,Si Song Rak
02-0727,2,1,73,Si Song Rak
02-0734,2,1,71,Si Song Rak
02-0737,2,1,81,Si Song Rak
02-0743,2,1,75,Si Song Rak
02-0749,2,1,63,Si Song Rak
02-0750,2,0,64,Si Song Rak
02-0751,2,0,64,Si Song Rak
02-0753,2,1,63,Si Song Rak
02-0758,2,0,62,Si Song Rak
02-0759,2,0,61,Si Song Rak
02-0763,2,1,61,Si Song Rak
02-0765,2,1,60,Si Song Rak
02-0767,2,0,60,Si Song Rak
02-0769,2,0,60,Si Song Rak
02-0771,2,0,59,Si Song Rak
02-0774,2,1,65,Si Song Rak
02-0783,2,1,66,Si Song Rak
02-0785,2,0,67,Si Song Rak
02-0787,2,0,66,Si Song Rak
02-0788,2,0,64,Si Song Rak
02-0789,2,0,68,Si Song Rak
02-0790,2,1,68,Si Song Rak
02-0793,2,1,67,Si Song Rak
02-0795,2,0,73,Si Song Rak
02-0797,2,0,64,Si Song Rak
02-0800,2,0,74,Si Song Rak
02-0803,2,1,71,Si Song Rak
02-0810,2,1,71,Si Song Rak
02-0811,2,0,67,Si Song Rak
02-0812,2,1,72,Si Song Rak
02-0813,2,1,68,Si Song Rak
02-0817,2,1,74,Si Song Rak
02-0819,2,0,67,Si Song Rak
02-0820,2,1,70,Si Song Rak
02-0822,2,1,68,Si Song Rak
02-0823,2,0,75,Si Song Rak
02-0825,2,1,81,Si Song Rak
02-0828,2,0,77,Si Song Rak
02-0829,2,1,82,Si Song Rak
02-0830,2,1,78,Si Song Rak
02-0831,2,1,78,Si Song Rak
02-0832,2,1,79,Si Song Rak
02-0844,2,0,63,Si Song Rak
02-0845,2,0,64,Si Song Rak
02-0847,2,0,64,Si Song Rak
02-0852,2,1,62,Si Song Rak
02-0853,2,1,62,Si Song Rak
02-0854,2,1,62,Si Song Rak
02-0858,2,1,61,Si Song Rak
02-0859,2,1,61,Si Song Rak
02-0861,2,0,60,Si Song Rak
02-0862,2,0,60,Si Song Rak
02-0863,2,1,60,Si Song Rak
02-0864,2,0,60,Si Song Rak
02-0876,2,1,64,Si Song Rak
02-0877,2,1,62,Si Song Rak
02-0878,2,1,67,Si Song Rak
02-0883,2,0,65,Si Song Rak
02-0887,2,1,74,Si Song Rak
02-0888,2,1,73,Si Song Rak
02-0889,2,0,73,Si Song Rak
02-0894,2,0,70,Si Song Rak
02-0895,2,1,66,Si Song Rak
02-0896,2,0,66,Si Song Rak
02-0898,2,1,71,Si Song Rak
02-0901,2,1,69,Si Song Rak
02-0902,2,0,67,Si Song Rak
02-0903,2,0,64,Si Song Rak
02-0915,2,1,88,Si Song Rak
02-0920,2,0,64,Si Song Rak
02-0921,2,0,64,Si Song Rak
02-0923,2,1,64,Si Song Rak
02-0925,2,0,62,Si Song Rak
02-0929,2,1,61,Si Song Rak
02-0932,2,1,60,Si Song Rak
02-0936,2,0,60,Si Song Rak
02-0947,2,1,65,Si Song Rak
02-0948,2,1,66,Si Song Rak
02-0950,2,0,69,Si Song Rak
02-0951,2,1,66,Si Song Rak
02-0952,2,0,69,Si Song Rak
02-0953,2,1,69,Si Song Rak
02-0955,2,1,74,Si Song Rak
02-0956,2,1,71,Si Song Rak
02-0957,2,0,69,Si Song Rak
02-0958,2,1,72,Si Song Rak
02-0961,2,1,83,Si Song Rak
02-0963,2,1,81,Si Song Rak
02-0966,2,1,78,Si Song Rak
02-0972,2,1,64,Si Song Rak
02-0977,2,1,61,Si Song Rak
02-0978,2,0,61,Si Song Rak
02-0981,2,0,60,Si Song Rak
02-0983,2,0,59,Si Song Rak
02-1019,2,0,66,Si Song Rak
02-1026,2,1,81,Si Song Rak
02-1033,2,1,63,Si Song Rak
02-1034,2,1,63,Si Song Rak
02-1035,2,0,63,Si Song Rak
02-1036,2,0,62,Si Song Rak
02-1037,2,1,61,Si Song Rak
03-0028,3,1,74,Si Racha
03-0039,3,1,75,Si Racha
03-0044,3,0,76,Si Racha
03-0089,3,0,82,Si Racha
03-0121,3,0,61,Si Racha
03-0138,3,0,62,Si Racha
03-0165,3,1,64,Si Racha
03-0179,3,1,65,Si Racha
03-0198,3,0,66,Si Racha
03-0208,3,0,67,Si Racha
03-0261,3,0,71,Si Racha
03-0265,3,0,72,Si Racha
03-0266,3,1,72,Si Racha
03-0274,3,0,73,Si Racha
03-0276,3,1,73,Si Racha
03-0364,3,0,61,Si Racha
03-0369,3,0,61,Si Racha
03-0377,3,0,62,Si Racha
03-0380,3,0,62,Si Racha
03-0384,3,0,62,Si Racha
03-0386,3,1,63,Si Racha
03-0387,3,1,62,Si Racha
03-0413,3,0,65,Si Racha
03-0423,3,0,65,Si Racha
03-0424,3,1,65,Si Racha
03-0430,3,0,65,Si Racha
03-0431,3,0,66,Si Racha
03-0434,3,0,66,Si Racha
03-0445,3,0,67,Si Racha
03-0446,3,0,67,Si Racha
03-0456,3,0,69,Si Racha
03-0460,3,0,69,Si Racha
03-0474,3,0,70,Si Racha
03-0475,3,1,70,Si Racha
03-0476,3,0,70,Si Racha
03-0478,3,0,70,Si Racha
03-0484,3,0,71,Si Racha
03-0502,3,1,72,Si Racha
03-0520,3,1,73,Si Racha
03-0531,3,0,73,Si Racha
03-0534,3,1,74,Si Racha
03-0551,3,1,76,Si Racha
03-0554,3,0,76,Si Racha
03-0583,3,1,79,Si Racha
03-0589,3,1,80,Si Racha
03-0592,3,1,92,Si Racha
03-0618,3,1,83,Si Racha
03-0622,3,1,84,Si Racha
03-0638,3,1,61,Si Racha
03-0650,3,1,61,Si Racha
03-0673,3,0,62,Si Racha
03-0674,3,0,61,Si Racha
03-0675,3,1,62,Si Racha
03-0708,3,0,62,Si Racha
03-0718,3,1,64,Si Racha
03-0735,3,1,65,Si Racha
03-0758,3,1,65,Si Racha
03-0759,3,0,65,Si Racha
03-0785,3,0,65,Si Racha
03-0790,3,0,66,Si Racha
03-0804,3,0,67,Si Racha
03-0818,3,0,68,Si Racha
03-0824,3,0,68,Si Racha
03-0857,3,0,70,Si Racha
03-0858,3,1,70,Si Racha
03-0860,3,0,70,Si Racha
03-0872,3,0,72,Si Racha
03-0874,3,0,72,Si Racha
03-0882,3,1,74,Si Racha
03-0883,3,0,74,Si Racha
03-0899,3,0,77,Si Racha
03-0928,3,0,81,Si Racha
03-0955,3,0,61,Si Racha
03-0965,3,0,61,Si Racha
03-0977,3,1,62,Si Racha
03-0980,3,0,62,Si Racha
03-0989,3,1,63,Si Racha
03-0996,3,0,62,Si Racha
03-1000,3,0,64,Si Racha
03-1003,3,1,64,Si Racha
03-1005,3,0,64,Si Racha
03-1019,3,0,65,Si Racha
03-1036,3,1,66,Si Racha
03-1037,3,0,66,Si Racha
03-1038,3,1,66,Si Racha
03-1039,3,1,66,Si Racha
03-1058,3,1,68,Si Racha
03-1059,3,1,68,Si Racha
03-1063,3,1,68,Si Racha
03-1068,3,0,69,Si Racha
03-1072,3,0,69,Si Racha
03-1077,3,0,70,Si Racha
03-1101,3,0,72,Si Racha
03-1105,3,1,72,Si Racha
03-1121,3,1,74,Si Racha
03-1124,3,0,75,Si Racha
03-1159,3,1,80,Si Racha
03-1227,3,0,62,Si Racha
03-1241,3,0,62,Si Racha
03-1245,3,1,63,Si Racha
03-1255,3,0,63,Si Racha
03-1272,3,0,63,Si Racha
03-1287,3,0,65,Si Racha
03-1301,3,0,66,Si Racha
03-1307,3,0,67,Si Racha
03-1315,3,1,66,Si Racha
03-1316,3,0,67,Si Racha
03-1332,3,1,67,Si Racha
03-1333,3,0,68,Si Racha
03-1349,3,0,69,Si Racha
03-1366,3,1,71,Si Racha
03-1368,3,1,71,Si Racha
03-1370,3,0,71,Si Racha
03-1387,3,0,72,Si Racha
03-1399,3,1,73,Si Racha
03-1419,3,0,73,Si Racha
03-1432,3,0,75,Si Racha
03-1453,3,0,76,Si Racha
03-1454,3,1,76,Si Racha
03-1471,3,0,78,Si Racha
03-1472,3,0,78,Si Racha
03-1473,3,0,79,Si Racha
03-1475,3,0,79,Si Racha
03-1476,3,0,79,Si Racha
03-1496,3,0,81,Si Racha
03-1510,3,1,82,Si Racha
03-1521,3,1,84,Si Racha
03-1534,3,0,87,Si Racha
03-1543,3,0,61,Si Racha
03-1544,3,1,60,Si Racha
03-1549,3,0,61,Si Racha
03-1555,3,0,60,Si Racha
03-1570,3,0,62,Si Racha
03-1571,3,1,62,Si Racha
03-1573,3,1,62,Si Racha
03-1576,3,0,61,Si Racha
03-1577,3,0,61,Si Racha
03-1580,3,0,61,Si Racha
03-1581,3,1,62,Si Racha
03-1589,3,0,63,Si Racha
03-1596,3,0,63,Si Racha
03-1601,3,1,63,Si Racha
03-1614,3,0,64,Si Racha
03-1618,3,0,64,Si Racha
03-1620,3,0,64,Si Racha
03-1621,3,1,64,Si Racha
03-1645,3,0,65,Si Racha
03-1646,3,0,65,Si Racha
03-1650,3,0,65,Si Racha
03-1666,3,1,66,Si Racha
03-1680,3,0,66,Si Racha
03-1690,3,1,67,Si Racha
03-1694,3,1,67,Si Racha
03-1695,3,1,66,Si Racha
03-1709,3,1,67,Si Racha
03-1715,3,1,68,Si Racha
03-1717,3,1,68,Si Racha
03-1719,3,0,68,Si Racha
03-1720,3,1,68,Si Racha
03-1723,3,0,69,Si Racha
03-1731,3,1,68,Si Racha
03-1736,3,0,69,Si Racha
03-1765,3,0,70,Si Racha
03-1797,3,0,75,Si Racha
03-1798,3,1,75,Si Racha
03-1820,3,0,79,Si Racha
03-1847,3,1,82,Si Racha
03-1859,3,1,86,Si Racha
03-1872,3,1,61,Si Racha
03-1873,3,0,61,Si Racha
03-1918,3,1,64,Si Racha
03-1929,3,1,65,Si Racha
03-1949,3,0,67,Si Racha
03-1960,3,1,68,Si Racha
03-1968,3,0,69,Si Racha
03-1987,3,0,71,Si Racha
03-1989,3,0,71,Si Racha
03-1990,3,0,71,Si Racha
03-1998,3,0,71,Si Racha
03-2012,3,0,72,Si Racha
03-2024,3,0,73,Si Racha
03-2035,3,0,74,Si Racha
03-2038,3,0,74,Si Racha
03-2039,3,0,74,Si Racha
03-2057,3,1,76,Si Racha
03-2059,3,0,76,Si Racha
03-2070,3,0,78,Si Racha
03-2071,3,0,78,Si Racha
03-2073,3,1,78,Si Racha
03-2110,3,0,82,Si Racha
03-2112,3,0,82,Si Racha
03-2139,3,0,89,Si Racha
03-2170,3,0,62,Si Racha
03-2182,3,1,62,Si Racha
03-2188,3,0,62,Si Racha
03-2210,3,0,63,Si Racha
03-2219,3,0,64,Si Racha
03-2220,3,1,64,Si Racha
03-2222,3,1,63,Si Racha
03-2223,3,0,64,Si Racha
03-2224,3,1,64,Si Racha
03-2225,3,0,64,Si Racha
03-2234,3,0,62,Si Racha
03-2240,3,0,65,Si Racha
03-2252,3,0,66,Si Racha
03-2255,3,0,66,Si Racha
03-2258,3,1,66,Si Racha
03-2265,3,0,67,Si Racha
03-2269,3,0,67,Si Racha
03-2274,3,1,67,Si Racha
03-2280,3,0,67,Si Racha
03-2281,3,1,67,Si Racha
03-2302,3,0,69,Si Racha
03-2303,3,0,69,Si Racha
03-2307,3,0,69,Si Racha
03-2308,3,0,68,Si Racha
03-2311,3,0,69,Si Racha
03-2313,3,0,69,Si Racha
03-2317,3,0,69,Si Racha
03-2321,3,1,70,Si Racha
03-2322,3,1,70,Si Racha
03-2326,3,1,69,Si Racha
03-2331,3,0,70,Si Racha
03-2332,3,0,70,Si Racha
03-2348,3,0,73,Si Racha
03-2462,3,0,61,Si Racha
03-2527,3,0,65,Si Racha
03-2534,3,0,65,Si Racha
03-2543,3,0,66,Si Racha
03-2597,3,1,68,Si Racha
03-2685,3,1,64,Si Racha
03-2734,3,0,71,Si Racha
03-2736,3,0,71,Si Racha
03-2812,3,0,76,Si Racha
03-2853,3,0,79,Si Racha
03-2882,3,0,83,Si Racha
03-2918,3,1,86,Si Racha
03-2947,3,1,61,Si Racha
03-2962,3,0,62,Si Racha
03-2967,3,0,62,Si Racha
03-2981,3,1,62,Si Racha
03-2986,3,0,62,Si Racha
03-3030,3,0,64,Si Racha
03-3041,3,0,64,Si Racha
03-3042,3,1,64,Si Racha
03-3061,3,0,65,Si Racha
03-3098,3,0,66,Si Racha
03-3156,3,0,69,Si Racha
03-3183,3,1,70,Si Racha
03-3186,3,1,69,Si Racha
03-3269,3,0,62,Si Racha
03-3318,3,0,67,Si Racha
03-3333,3,0,69,Si Racha
03-3348,3,1,71,Si Racha
03-3353,3,0,73,Si Racha
03-3362,3,0,75,Si Racha
03-3365,3,0,77,Si Racha
03-3392,3,0,63,Si Racha
03-3397,3,0,64,Si Racha
03-3399,3,1,65,Si Racha
03-3404,3,1,67,Si Racha
03-3478,3,0,82,Si Racha
03-3523,3,0,63,Si Racha
03-3557,3,0,66,Si Racha
03-3573,3,0,67,Si Racha
03-3577,3,0,67,Si Racha
04-0012,4,1,72,Tha Phae
04-0013,4,0,68,Tha Phae
04-0020,4,0,63,Tha Phae
04-0024,4,1,68,Tha Phae
04-0025,4,0,70,Tha Phae
04-0029,4,1,78,Tha Phae
04-0035,4,0,66,Tha Phae
04-0043,4,1,71,Tha Phae
04-0047,4,0,67,Tha Phae
04-0050,4,0,63,Tha Phae
04-0054,4,1,64,Tha Phae
04-0056,4,1,81,Tha Phae
04-0057,4,1,62,Tha Phae
04-0061,4,1,61,Tha Phae
04-0064,4,1,73,Tha Phae
04-0070,4,0,61,Tha Phae
04-0071,4,0,63,Tha Phae
04-0073,4,1,62,Tha Phae
04-0075,4,0,62,Tha Phae
04-0089,4,1,65,Tha Phae
04-0121,4,1,67,Tha Phae
04-0123,4,1,69,Tha Phae
04-0133,4,0,71,Tha Phae
04-0145,4,0,67,Tha Phae
04-0149,4,0,68,Tha Phae
04-0151,4,0,62,Tha Phae
04-0152,4,1,66,Tha Phae
04-0153,4,0,64,Tha Phae
04-0159,4,1,80,Tha Phae
04-0184,4,1,70,Tha Phae
04-0188,4,1,68,Tha Phae
04-0192,4,0,62,Tha Phae
04-0193,4,0,75,Tha Phae
04-0194,4,0,68,Tha Phae
04-0195,4,0,80,Tha Phae
04-0196,4,1,68,Tha Phae
04-0198,4,1,71,Tha Phae
04-0203,4,0,66,Tha Phae
04-0206,4,0,81,Tha Phae
04-0214,4,1,71,Tha Phae
04-0217,4,1,74,Tha Phae
04-0218,4,0,78,Tha Phae
04-0223,4,1,66,Tha Phae
04-0224,4,0,70,Tha Phae
04-0228,4,0,81,Tha Phae
04-0237,4,0,69,Tha Phae
04-0240,4,0,65,Tha Phae
04-0247,4,1,67,Tha Phae
04-0248,4,0,89,Tha Phae
04-0249,4,1,65,Tha Phae
04-0250,4,1,64,Tha Phae
04-0256,4,1,64,Tha Phae
04-0269,4,1,71,Tha Phae
04-0272,4,0,67,Tha Phae
04-0273,4,0,64,Tha Phae
04-0275,4,1,64,Tha Phae
04-0282,4,0,63,Tha Phae
04-0283,4,0,62,Tha Phae
04-0287,4,1,80,Tha Phae
04-0292,4,1,62,Tha Phae
04-0293,4,0,85,Tha Phae
04-0301,4,0,65,Tha Phae
04-0306,4,1,68,Tha Phae
04-0307,4,0,66,Tha Phae
04-0312,4,0,64,Tha Phae
04-0333,4,0,69,Tha Phae
04-0352,4,1,73,Tha Phae
04-0364,4,0,72,Tha Phae
04-0365,4,0,65,Tha Phae
04-0371,4,0,89,Tha Phae
04-0373,4,1,65,Tha Phae
04-0374,4,0,68,Tha Phae
04-0375,4,0,65,Tha Phae
04-0376,4,1,62,Tha Phae
04-0377,4,1,60,Tha Phae
04-0379,4,1,69,Tha Phae
04-0382,4,0,64,Tha Phae
04-0383,4,1,62,Tha Phae
04-0389,4,0,70,Tha Phae
04-0392,4,1,64,Tha Phae
04-0393,4,1,70,Tha Phae
04-0394,4,1,85,Tha Phae
04-0399,4,0,71,Tha Phae
04-0400,4,1,68,Tha Phae
04-0401,4,1,62,Tha Phae
04-0408,4,0,66,Tha Phae
04-0409,4,1,69,Tha Phae
04-0410,4,0,70,Tha Phae
04-0411,4,0,63,Tha Phae
04-0412,4,0,66,Tha Phae
04-0413,4,1,69,Tha Phae
04-0414,4,1,62,Tha Phae
04-0422,4,0,71,Tha Phae
04-0424,4,1,73,Tha Phae
04-0425,4,0,68,Tha Phae
04-0427,4,0,64,Tha Phae
04-0428,4,0,71,Tha Phae
04-0431,4,1,73,Tha Phae
04-0433,4,1,74,Tha Phae
04-0434,4,1,61,Tha Phae
04-0440,4,0,72,Tha Phae
04-0445,4,0,71,Tha Phae
04-0447,4,1,60,Tha Phae
04-0449,4,0,60,Tha Phae
04-0452,4,1,80,Tha Phae
04-0455,4,0,76,Tha Phae
04-0459,4,0,65,Tha Phae
04-0468,4,1,68,Tha Phae
04-0470,4,1,72,Tha Phae
04-0473,4,0,63,Tha Phae
04-0474,4,1,63,Tha Phae
04-0477,4,0,65,Tha Phae
04-0482,4,0,65,Tha Phae
04-0489,4,1,64,Tha Phae
04-0495,4,0,69,Tha Phae
04-0496,4,0,63,Tha Phae
04-0502,4,0,64,Tha Phae
04-0506,4,1,66,Tha Phae
04-0508,4,0,65,Tha Phae
04-0511,4,1,60,Tha Phae
04-0517,4,1,71,Tha Phae
04-0522,4,0,74,Tha Phae
04-0524,4,0,79,Tha Phae
04-0544,4,1,67,Tha Phae
04-0545,4,0,70,Tha Phae
04-0548,4,1,76,Tha Phae
04-0551,4,1,62,Tha Phae
04-0553,4,1,69,Tha Phae
04-0557,4,1,70,Tha Phae
04-0564,4,1,65,Tha Phae
04-0569,4,0,76,Tha Phae
04-0571,4,0,70,Tha Phae
04-0573,4,0,65,Tha Phae
04-0586,4,0,65,Tha Phae
04-0588,4,0,72,Tha Phae
04-0590,4,0,74,Tha Phae
04-0591,4,1,65,Tha Phae
04-0592,4,0,67,Tha Phae
04-0594,4,0,67,Tha Phae
04-0598,4,0,74,Tha Phae
04-0600,4,0,66,Tha Phae
04-0605,4,1,70,Tha Phae
04-0613,4,1,68,Tha Phae
04-0615,4,1,72,Tha Phae
04-0616,4,1,70,Tha Phae
04-0617,4,1,71,Tha Phae
04-0620,4,0,66,Tha Phae
04-0621,4,1,76,Tha Phae
04-0626,4,0,85,Tha Phae
04-0629,4,0,73,Tha Phae
04-0632,4,1,72,Tha Phae
04-0633,4,1,72,Tha Phae
04-0636,4,1,68,Tha Phae
04-0639,4,0,79,Tha Phae
04-0641,4,0,68,Tha Phae
04-0643,4,0,67,Tha Phae
04-0647,4,1,61,Tha Phae
04-0648,4,1,60,Tha Phae
04-0649,4,0,60,Tha Phae
04-0650,4,0,63,Tha Phae
04-0651,4,1,66,Tha Phae
04-0653,4,0,67,Tha Phae
04-0657,4,1,63,Tha Phae
04-0658,4,0,64,Tha Phae
04-0660,4,1,73,Tha Phae
04-0661,4,1,61,Tha Phae
04-0663,4,1,62,Tha Phae
04-0670,4,1,63,Tha Phae
04-0673,4,0,65,Tha Phae
04-0678,4,0,84,Tha Phae
04-0679,4,0,61,Tha Phae
04-0686,4,0,67,Tha Phae
04-0719,4,1,64,Tha Phae
04-0724,4,0,67,Tha Phae
04-0731,4,1,62,Tha Phae
04-0732,4,0,91,Tha Phae
04-0733,4,1,76,Tha Phae
04-0734,4,1,70,Tha Phae
04-0735,4,0,64,Tha Phae
04-0736,4,0,60,Tha Phae
04-0743,4,0,61,Tha Phae
04-0748,4,0,63,Tha Phae
04-0749,4,1,82,Tha Phae
04-0752,4,1,72,Tha Phae
04-0764,4,0,62,Tha Phae
04-0769,4,0,61,Tha Phae
04-0771,4,0,77,Tha Phae
04-0774,4,1,71,Tha Phae
04-0777,4,0,68,Tha Phae
04-0780,4,0,64,Tha Phae
04-0784,4,1,63,Tha Phae
04-0786,4,0,63,Tha Phae
04-0788,4,1,65,Tha Phae
04-0789,4,0,65,Tha Phae
04-0792,4,1,70,Tha Phae
04-0797,4,0,63,Tha Phae
04-0798,4,0,68,Tha Phae
04-0801,4,0,82,Tha Phae
04-0803,4,1,71,Tha Phae
04-0811,4,1,82,Tha Phae
04-0813,4,1,80,Tha Phae
04-0818,4,0,80,Tha Phae
04-0824,4,0,66,Tha Phae
04-0829,4,0,69,Tha Phae
04-0831,4,1,71,Tha Phae
04-0833,4,1,68,Tha Phae
04-0838,4,0,68,Tha Phae
04-0842,4,0,67,Tha Phae
04-0843,4,1,66,Tha Phae
04-0850,4,1,63,Tha Phae
04-0851,4,0,67,Tha Phae
04-0861,4,0,64,Tha Phae
04-0862,4,0,61,Tha Phae
04-0865,4,1,69,Tha Phae
04-0870,4,1,63,Tha Phae
04-0871,4,1,60,Tha Phae
04-0876,4,1,64,Tha Phae
04-0880,4,1,61,Tha Phae
04-0882,4,1,65,Tha Phae
04-0887,4,1,65,Tha Phae
04-0888,4,1,63,Tha Phae
04-0893,4,0,69,Tha Phae
04-0900,4,0,67,Tha Phae
04-0902,4,0,65,Tha Phae
04-0909,4,0,79,Tha Phae
04-0919,4,1,67,Tha Phae
04-0920,4,1,75,Tha Phae
04-0925,4,1,77,Tha Phae
04-0928,4,1,66,Tha Phae
04-0931,4,1,78,Tha Phae
04-0943,4,0,82,Tha Phae
04-0949,4,0,69,Tha Phae
04-0961,4,0,73,Tha Phae
04-0963,4,0,66,Tha Phae
04-0966,4,1,77,Tha Phae
04-0968,4,1,69,Tha Phae
04-0969,4,1,73,Tha Phae
04-0986,4,0,71,Tha Phae
04-0987,4,0,63,Tha Phae
04-0988,4,1,69,Tha Phae
04-0990,4,0,70,Tha Phae
04-0991,4,0,70,Tha Phae
04-1015,4,1,72,Tha Phae
04-1017,4,1,77,Tha Phae
04-1022,4,1,61,Tha Phae
04-1027,4,0,70,Tha Phae
04-1029,4,1,69,Tha Phae
04-1031,4,0,62,Tha Phae
04-1032,4,1,66,Tha Phae
04-1040,4,0,64,Tha Phae
04-1042,4,1,69,Tha Phae
04-1044,4,0,62,Tha Phae
04-1045,4,0,75,Tha Phae
04-1056,4,1,81,Tha Phae
04-1057,4,1,68,Tha Phae
04-1061,4,1,69,Tha Phae
04-1067,4,0,73,Tha Phae
04-1072,4,1,66,Tha Phae
04-1074,4,1,73,Tha Phae
04-1078,4,0,73,Tha Phae
04-1083,4,1,76,Tha Phae
04-1089,4,0,78,Tha Phae
04-1106,4,1,87,Tha Phae
04-1109,4,0,78,Tha Phae
04-1110,4,0,65,Tha Phae
04-1113,4,1,62,Tha Phae
04-1114,4,0,67,Tha Phae
04-1117,4,1,65,Tha Phae
04-1119,4,0,65,Tha Phae
04-1122,4,0,66,Tha Phae
04-1123,4,0,64,Tha Phae
04-1125,4,0,70,Tha Phae
04-1126,4,1,62,Tha Phae
04-1128,4,1,88,Tha Phae
04-1130,4,1,71,Tha Phae
04-1132,4,0,63,Tha Phae
04-1133,4,0,69,Tha Phae
04-1136,4,0,63,Tha Phae
04-1138,4,1,61,Tha Phae
04-1139,4,1,68,Tha Phae
04-1142,4,1,74,Tha Phae
04-1143,4,1,66,Tha Phae
04-1144,4,1,61,Tha Phae
04-1146,4,0,65,Tha Phae
04-1149,4,0,67,Tha Phae
04-1150,4,1,64,Tha Phae
04-1155,4,1,74,Tha Phae
04-1158,4,1,63,Tha Phae
04-1159,4,0,66,Tha Phae
04-1163,4,1,69,Tha Phae
04-1168,4,1,71,Tha Phae
04-1172,4,0,63,Tha Phae
04-1178,4,1,77,Tha Phae
04-1180,4,0,68,Tha Phae
04-1185,4,0,69,Tha Phae
04-1186,4,0,65,Tha Phae
04-1187,4,1,62,Tha Phae
04-1191,4,1,69,Tha Phae
04-1195,4,1,63,Tha Phae
04-1200,4,0,69,Tha Phae
04-1203,4,0,77,Tha Phae
04-1207,4,1,62,Tha Phae
04-1211,4,0,66,Tha Phae
04-1213,4,1,63,Tha Phae
04-1229,4,0,80,Tha Phae
04-1238,4,0,71,Tha Phae
04-1239,4,0,74,Tha Phae
04-1247,4,1,78,Tha Phae
04-1251,4,1,62,Tha Phae
04-1253,4,1,69,Tha Phae
04-1254,4,1,66,Tha Phae
04-1259,4,0,72,Tha Phae
04-1283,4,0,69,Tha Phae
04-1293,4,1,66,Tha Phae
04-1295,4,1,61,Tha Phae
04-1306,4,0,61,Tha Phae
04-1311,4,0,64,Tha Phae
04-1312,4,1,64,Tha Phae
04-1314,4,0,71,Tha Phae
04-1316,4,0,66,Tha Phae
04-1319,4,0,62,Tha Phae
04-1322,4,0,65,Tha Phae
04-1323,4,1,77,Tha Phae
04-1328,4,1,69,Tha Phae
04-1330,4,1,65,Tha Phae
04-1340,4,1,64,Tha Phae
