mapping_code,area_id,expect_career_group,expect_career_oth,career_need,career_need_oth,career_need_reason,work_location_site
01-0005,1,[],,"[""6""]",จักสาน,ต้องการรายได้เสริม,0
01-0018,1,[],,"[""1""]",,,0
01-0021,1,[],,"[""6""]",รับจ้างทั่วไป,เหมาะกับตนเอง ตามสภาพร่างกาย ไม่มีที่ดินของตนเอง,0
01-0024,1,[],,"[""6""]",รับจ้างทั่วไป,ตามสภาพร่างกาย,0
01-0030,1,[],,"[""5""]",,,0
01-0040,1,[],,"[""6""]",ทำไม้กวาด,อายุมากแล้ว ทำงานหนักไม่ไหว ทำไม้กวาดง่าย มีวัสดุในพื้นที่อยู่แล้ว,0
01-0041,1,[],,"[""3""]",,,0
01-0053,1,[],,"[""2""]",,,0
01-0055,1,[],,"[""5""]",,,0
01-0076,1,[],,"[""6""]",ปลูกผัก เลี้ยงไก่ ,มือสั่น ทำอย่างอื่นไม่ค่อยได้,0
01-0089,1,[],,"[""5""]",,,0
01-0093,1,[],,"[""6""]",รับจ้างทั่วไป,ทำงานหนักไม่ได้,0
01-0095,1,[],,"[""1""]",,,0
01-0100,1,[],,"[""6""]",ไม่ต้องการ,ทำงานไม่ได้,0
01-0106,1,"[""6""]",จักรสาน,"[""6""]",จักรสาน,มีความถนัด วัสดุหาง่าย,0
01-0111,1,[],,"[""5""]",,,0
01-0114,1,[],,"[""6""]",รับจ้างทั่วไป,ไม่มีที่ดินของตนเอง,0
01-0120,1,[],,"[""6""]","จักสาน, เลี้ยงไก่",ร่างกายไม่ค่อยแข็งแรง,0
01-0123,1,[],,"[""6""]",เลี้ยงไก่,ร่างกายไม่แข็งแรงอยากทำงานที่บ้าน,0
01-0125,1,"[""6"",""4""]",เลี้ยงปลา,"[""6""]",เลี้ยงปลา,อยากมีรายได้ ทำได้ตามสภาพร่างกาย,0
01-0136,1,[],,"[""6""]",ปลูกผัก,ร่างกายไม่เอื้ออำนวยทำงานงานหนักไม่ได้ อายุมาก,0
01-0137,1,[],,"[""6""]",ปลูกผัก,ไม่มีที่ดินทำกิน,0
01-0139,1,[],,"[""6""]",จักสาน,ไม่เหนื่อยมาก พอทำได้,0
01-0140,1,[],,"[""6""]",ปลูกผัก,ถนัด ไม่หนักเกินไป,0
01-0144,1,[],,"[""5""]",,,0
01-0147,1,"[""1""]",,"[""6""]",ปลูกผัก,ร่างกายไม่แข็งแรงอายุมาก,0
01-0149,1,[],,"[""6""]",ปลูกผักที่บ้าน,"เหมาะกับตนเอง
ทำที่บ้าน",0
01-0150,1,[],,"[""6""]",เลี้ยงไก่,เหมาะกับตนเอง,0
01-0151,1,[],,"[""6""]",ทำไม้กวาด,มีความถนัด ทำง่าย วัสดุหาง่าย,0
01-0154,1,"[""1""]",,"[""6""]",ร่างกายไม่แข็งแรง,ร่างกายไม่อำนวย,0
01-0158,1,[],,"[""6""]",เจ้าของสวนยาง จ้างคนกรีดแทน,ทำเองไม่ไหวสุขภาพไม่ดีจ้างคนทำ,0
01-0160,1,"[""6""]","ปลูกผัก,เลี้ยงไก่,ทำไม้กวาด","[""6""]","ทำไม้กวาด,เลี้ยงไก่,ปลูกผัก",ร่างกายไม่เอื้ออำนวย,0
01-0164,1,[],,"[""6""]",ปลูกผัก,มีอาการเจ็บป่วย,0
01-0184,1,[],,"[""6""]",อาชีพจักสาน,มีรายได้ ทำได้ที่บ้าน เป็นงานที่ถนัด,0
01-0190,1,[],,"[""6""]",งานฝีมือ งานประดิษฐ์,ถนัดงานด้านนี้,0
01-0193,1,[],,"[""3""]",,,0
01-0196,1,[],,"[""6""]",จักสาร,หาอุปกรณ์ง่าย ขายง่าย,0
01-0197,1,[],,"[""6""]",จักสาร,,0
01-0205,1,"[""6""]",จักสาร,"[""2""]",,,0
01-0207,1,[],,"[""1"",""5""]",,,0
01-0208,1,[],,"[""1""]",,,0
01-0210,1,"[""1""]",,"[""6""]",จักสาน,ขายง่าย หาไม้ไผ่เองได้,0
01-0211,1,"[""1""]",,"[""6""]",จักสาน,ขายง่าย หาวัสดุง่าย,0
01-0214,1,[],,"[""3"",""5""]",,,0
01-0217,1,[],,"[""4""]",,,0
01-0231,1,"[""1""]",,"[""2""]",,,0
01-0232,1,"[""1""]",,"[""6""]",ปลูกผักสวนครัว,ดูแลง่าย ขายง่าย ทำที่บ้านได้,0
01-0239,1,[],,"[""3"",""5""]",,,0
01-0249,1,[],,"[""6""]",หมอทำขวัญพื้นบ้าน,ถนัดงานนี้ ทำได้ที่บ้าน มีรายได้,0
01-0267,1,"[""6""]",สารตะกร้า,"[""6""]",จักสานตะกร้า,ถนัดด้านฝีมือ ขายได้,0
01-0268,1,[],,"[""6""]",รับจ้างทั่วไป,ถนัดงานนี้ สร้างรายได้,0
01-0270,1,[],,"[""6""]",เย็บผ้า,เจ็บป่วย เป็นผู้พิการ ทำงานหนักไม่ได้,0
01-0277,1,[],,"[""4""]",,,0
01-0288,1,"[""6""]",ประดิษฐ์,"[""6""]",งานประดิษฐ์,ถนัดด้านนี้ มีรายได้ ทำได้ที่บ้าน,0
01-0295,1,[],,"[""1""]",,,0
01-0297,1,"[""3""]",,"[""1""]",,,0
01-0301,1,[],,"[""5"",""3""]",,,0
01-0303,1,[],,"[""1""]",,,0
01-0304,1,[],,"[""6""]",ช่างปูน ช่างไม้,ต้องการรายได้เสริม,0
01-0307,1,[],,"[""6""]",ปลูกผัก,อายุมากแล้ว,0
01-0309,1,[],,"[""6""]",ปลูกผัก,ไม่สามารถทำงานหนักได้ อายุมากแล้ว,0
01-0314,1,[],,"[""5""]",,,0
01-0317,1,[],,"[""6""]",ปลูกผัก,อายุมากแล้ว,0
01-0319,1,[],,"[""6""]",รับจ้างทั่วไป,ไม่มีความสามารถด้านค้าขายและการเกษตร,0
01-0323,1,[],,"[""6""]",เลี้ยงไก่,ทำได้ในบ้าน,0
01-0325,1,[],,"[""6""]",เลี้ยงไก่,ทำง่าย เคยทำ เลี้ยงในบ้าน,0
01-0327,1,[],,"[""6""]",รับจ้าง,ทำได้ตามสภาพ อายุมากแล้ว,0
01-0330,1,[],,"[""5""]",,,0
01-0331,1,"[""1""]",,"[""6""]",ปลูกผัก เลี้ยงไก่,ร่างกายไม่พร้อมทำงานเพราะชรา ทำงานหนักไม่ได้,0
01-0332,1,"[""6""]",เลี้ยงไก่,"[""6""]",เลี้ยงเป็ด เลี้ยงไก่,ร่างกายไม่แข็งแรง ทำงานหนักไม่ได้ อยากมีรายได้เสริม,0
01-0334,1,[],,"[""5""]",,,0
01-0335,1,[],,"[""5""]",,,0
01-0339,1,"[""1""]",,"[""6""]",ปลูกผัก,มีอาการเจ็บป่วย ทำงานหนักไม่ได้,0
01-0342,1,[],,"[""6""]",เลี้ยงไก่,อยากทำงานที่บ้าน,0
01-0347,1,[],,"[""5""]",,,0
01-0351,1,[],,"[""6""]",รับจ้างทั่วไป,ต้องการรายได้เสริม,0
01-0363,1,[],,"[""5""]",,,0
01-0368,1,"[""6""]",เลี้ยงเป็ด ไก่,"[""6""]",เลี้ยงไก่,อยากมีรายได้เพิ่ม,0
01-0374,1,"[""1""]",,"[""6""]",รับจ้าง,อยากมีรายได้ แต่สภาพร่างกายไม่ดี,0
01-0379,1,"[""5""]",,"[""6""]",รับจ้างทั่วไป,อายุมาก ทำงานหนักไม่ได้,0
01-0380,1,[],,"[""5""]",,,0
01-0381,1,[],,"[""1""]",,,0
01-0382,1,[],,"[""6""]",เกษตร,อยากมีรายได้,0
01-0383,1,[],,"[""6""]",ปลูกผัก,อายุมากแล้ว,0
01-0384,1,[],,"[""2""]",,,0
01-0390,1,[],,"[""6""]",ปลูกผัก,อายุมาก,0
01-0394,1,[],,"[""6""]",ปลูกผักสวนครัว,ทำงานหนักไม่ค่อยได้ ร่างกายไม่แข็งแรง,0
01-0397,1,[],,"[""5""]",,,0
01-0400,1,[],,"[""6""]",รับจ้างทั่วไป,ไม่มีที่ดินทำกิน,0
01-0401,1,[],,"[""6""]",เลี้ยงไก่ เลี้ยงเป็ด,อยากมีรายได้เสริม อายุมากแกล้ว,0
01-0402,1,[],,"[""6""]",ปลูกผักสวนครัว,อยากมีรายได้เสริมที่ตัวเองสามารถทำได้,0
01-0405,1,[],,"[""6""]",รับจ้าง,ไม่มีที่ดินทำกิน,0
01-0406,1,[],,"[""6""]",รับจ้างทั่วไป,ไม่มีที่ดินทำกิน,0
01-0408,1,[],,"[""5""]",,,0
01-0409,1,[],,"[""5""]",,,0
01-0412,1,[],,"[""6""]",รับจ้างเย็บผ้า,ถนัด ทำอยู่แล้ว,0
01-0413,1,[],,"[""6""]",ซ่อมรถ,ถนัด,0
01-0414,1,[],,"[""6""]",จักสาน,ร่างกายไม่แข็งแรง,0
01-0417,1,[],,"[""5""]",,,0
01-0418,1,"[""1""]",,"[""6""]",ปลูกผัก,อาการเจ็บป่วยทางสมอง ทำงานหนักไม่ได้,0
01-0421,1,[],,"[""5""]",,,0
01-0423,1,"[""5""]",,"[""6""]",ปลูกผักขาย,ทำงานหนักไม่ได้สุขภาพร่งกายไม่อำนวย,1
01-0425,1,[],,"[""6""]",รับจ้างทั่วไป,มีปัญหาสุขภาพทำงานหนักไม่ได้,0
01-0426,1,[],,"[""6""]",ปลูกผัก,ร่างกายไม่อำนวย,0
01-0430,1,[],,"[""6""]",จักสาน,ไม่มี,0
01-0435,1,[],,"[""5""]",,,0
01-0441,1,[],,"[""5""]",,,0
01-0460,1,[],,"[""6""]",รับจ้างทั่วไป,ไม่ถนัดค้าขายและเกษตร,0
01-0471,1,[],,"[""1""]",,,0
01-0505,1,[],,"[""6""]","เลี้ยงไก่,ปลูกผัก","เหมาะกับตัวเอง,ทำงานที่บ้าน",0
01-0511,1,[],,"[""6""]",,,0
01-0513,1,"[""5""]",,"[""6""]",รับจ้างทั่วไป,อายุมากแล้ว,0
01-0528,1,[],,"[""5""]",,,0
01-0542,1,[],,"[""5""]",,,0
01-0558,1,[],,"[""5""]",,,0
01-0566,1,[],,"[""6""]",งานช่างปูน ช่างไม้,ถนัด,0
01-0577,1,[],,"[""5""]",,,0
01-0578,1,[],,"[""1""]",,,0
01-0583,1,[],,"[""6""]",เย็บผ้า,มีความสามารถ,0
01-0585,1,"[""6""]",ปลูกผัก,"[""6""]",ปลูกผักขายเองที่ตลาดนัด,"แก้เหงา,มีรายได้",0
01-0594,1,"[""6""]",เลี้ยงไก่ไข่,"[""6""]",เลี้ยงไก่ จักสาน,ไม่เหนื่อยมาก เหมาะกับร่างกาย,0
01-0597,1,[],,"[""6""]",นวด,ไม่มีเวลาทำงานอย่างอื่นแล้ว,0
01-0600,1,[],,"[""1""]",,,0
01-0605,1,[],,"[""6""]","รับจ้างทั่วไป,เย็บผ้า",มีความถนัด,0
01-0606,1,[],,"[""1""]",,,0
01-0614,1,[],,"[""6""]",เลี้ยงไก่,เอาไว้ขายมีรายได้เพิ่ม,0
01-0617,1,[],,"[""6""]",เย็บเสื้อผ้าตามออร์เดอร์,มีความถนัดและอยากทำ,0
01-0621,1,[],,"[""1""]",,,0
01-0624,1,[],,"[""6""]",งานฝีมือ,ชอบทำงานถัก,0
01-0627,1,[],,"[""6""]",เย็บผ้าที่บ้าน,"ออกแดดไม่ได้ จะเป็นลม
เย็บผ้าเก่ง เย็บตามออเดอร์",0
01-0629,1,[],,"[""4""]",,,0
01-0631,1,[],,"[""1""]",,,0
01-0636,1,[],,"[""6""]",เย็บผ้า,"มีความถนัด,ทำที่บ้าน,แก้เหงา",0
01-0639,1,[],,"[""6""]",ปลูกผักขายเอง,เหมาะกับสุขภาพของตัวเอง,0
01-0640,1,[],,"[""6""]",ปลูกผัก,ไม่รู้จะทำอะไร,0
01-0648,1,"[""3""]",,"[""6""]",ปลูกผักขาย,อยากปลูกผักขายที่บ้าน,0
01-0658,1,"[""5""]",,"[""6""]",รับงานมาทำที่บ้าน เย็บผ้า,ร่างกายไม่ค่อยแข็งแรง อยากทำงานมีรายได้ที่บ้าน และการรวมกลุ่มทำงาน,0
01-0662,1,[],,"[""1""]",,,0
01-0663,1,[],,"[""6""]",เลี้ยงไก่,ใช้ระยะเวลาในการเลี้ยงไม่นาน,0
01-0668,1,"[""6""]",ปลูกผักขายตามบ้าน,"[""6""]",ปลูกผักที่บ้านขายตามบ้าน,เหมาะกับสุขภาพตนเอง ปลูกไว้รับประทานเองด้วย ปลอดสาร ปลอดภัย,0
01-0670,1,[],,"[""5""]",,,0
01-0674,1,[],,"[""5""]",,,0
01-0675,1,[],,"[""5""]",,,0
01-0680,1,[],,"[""6""]",รับจ้างทั่วไป งานเดิมที่ทำ,มั่นคง งานประจำรับจ้างดูแลสวนของวนอุทยานน้ำตกธารทอง,0
01-0682,1,[],,"[""6""]",รับจ้างทั่วไป งานช่างฝีมือ,ความถนัด,0
01-0684,1,[],,"[""5""]",,,0
01-0690,1,"[""6""]",เลี่ยงไก่,"[""6""]",เลี้ยงไก่,มีพื้นที่เอื้ออำนวย สามารถทำที่บ้านได้,0
01-0691,1,[],,"[""5""]",,,0
01-0696,1,[],,"[""6""]",ไม่ต้องการทำงาน,ปัญหาสุขภาพ เป็นหลายโรค โดยเฉพาะโรคหลอดเลือดหัวใจตีบ อยู่ในที่เสียงดังไม่ได้ ตื่นเต้นมากไม่ได้,0
01-0697,1,[],,"[""6""]",รับจ้างทั่วไป,ถนัด,0
01-0706,1,[],,"[""6""]",เลี้ยงไก่และสวนผักบริเวณบ้าน,ปัจจุบันเลี้ยงชีพด้วยงานนี้และทำที่บ้านได้ เพราะไม่สะดวกการเดินทางด้วยสุขภาพและอายุ,0
01-0711,1,"[""5"",""3""]",,"[""6""]",รับจ้างทั่วไปที่เหมาะกับอายุและสุขภาพ,-,0
01-0712,1,[],,"[""6""]",ช่างฝีมือ เช่น ช่างไม้ ช่างปูน,ความถนัด และเป็นงานที่ทำประจำอยู่แล้ว,0
01-0713,1,[],,"[""5""]",,,0
01-0715,1,"[""6""]",ไม่ต้องการทำงาน,"[""6""]",ไม่ต้องการทำงาน,อายุเยอะแล้ว สุขภาพไม่ค่อยแข็งแรง การมองเห็นไม่ชัดเจน,0
01-0716,1,[],,"[""2"",""5""]",,,0
01-0717,1,[],,"[""5"",""2""]",,,0
01-0720,1,"[""6""]",เลี้ยงไก่,"[""6""]",เลี้ยงไก่,เลี้ยงที่บ้านได้,0
01-0721,1,[],,"[""6""]",เลี้ยงไก่,สถานที่เอื้ออำนวยและสามารถทำที่บ้านได้,0
01-0726,1,[],,"[""6""]",รับจ้างทั่วไป,อยากมีรายได้เพิ่ม,0
01-0727,1,[],,"[""6""]",ไม่ต้องการทำงาน,อายุเยอะและสุขภาพไม่แข็งแรง หน้ามืดบ่อย,0
01-0735,1,[],,"[""6""]",รับจ้างทั่วไป งานช่างต่างๆ,ถนัด,0
01-0736,1,[],,"[""6""]",งานฝีมือต่างๆ เช่น ทำไม้กวาด,ใช้แรงน้อย และถนัด,0
01-0744,1,[],,"[""6""]",ไม่ต้องการทำงานเพิ่ม,-,0
01-0752,1,"[""6""]",จักสาน งานฝีมือ,"[""6""]",จักสาน ทำไม้กวาด เย็บผ้า งานฝีมือ,ไม่สามารถใช้แรงเยอะได้,0
01-0756,1,[],,"[""6""]",จักสานและรับจ้างทั่วไป,มีความรู้ความสามารถในด้านจักสานไม้ไผ่,0
01-0757,1,[],,"[""6""]",งานฝีมือ ทำไม้กวาด,ไม่สามารถใช้แรงเยอะได้,0
01-0765,1,"[""6""]",ไม่ต้องการทำงาน,"[""6""]",ไม่ต้องการทำงาน,เนื่องจากมีภาระต้องดูแลบิดาที่อายุมากที่มีการเจ็บป่วยด้วย,0
01-0772,1,[],,"[""5""]",,,0
01-0791,1,[],,"[""6""]",รับจ้างทั่วไป,ทำประจำอยู่แล้ว,0
01-0792,1,"[""5""]",,"[""6""]",รับจ้างทั่วไป,คิดว่าน่าจะทำได้ดี เพราะเคยทำมาก่อน,1
01-0799,1,"[""6""]",งานฝีมือ,"[""6""]",ทำสวิง,ถนัด,0
01-0802,1,[],,"[""1""]",,,0
01-0813,1,[],,"[""6""]",ไม่ต้องการทำงาน,อายุและสุขภาพ,0
01-0822,1,"[""6""]",ไม่ต้องการทำงาน,"[""6""]",ไม่ต้องการทำงาน,ไม่ต้องการทำงาน,0
01-0823,1,[],,"[""4""]",,,0
01-0825,1,"[""6""]",ไม่ต้องการทำงาน,"[""6""]",ไม่ต้องการทำงาน,อายุเยอะและสุขภาพไม่เอื้ออำนวย,0
01-0827,1,"[""1"",""6""]",จักสาน,"[""2""]",,,0
01-0830,1,[],,"[""5""]",,,0
01-0831,1,[],,"[""6""]",รับจ้างโครงการหลวง,มีรายได้ประจำ,0
01-0837,1,[],,"[""6""]",-,อายุและสุขภาพ,0
01-0838,1,[],,"[""6""]",งานช่าง เช่น ช่างไม้ ช่างปูน,ถนัด,0
01-0839,1,[],,"[""1""]",,,0
01-0840,1,[],,"[""6""]",ไม่ต้องการทำ,สุขภาพไม่เอื้ออำนวย,0
01-0841,1,[],,"[""6""]",,อายุมากแล้ว,0
01-0846,1,"[""6""]",งานฝีมือ,"[""6""]",งานฝีมือต่างๆ ทำไม้กวาด,ถนัดและใช้แรงไม่เยอะ,0
01-0851,1,[],,"[""2""]",,,0
01-0855,1,[],,"[""6""]",ร้านเสริมสวย,ถนัด,0
01-0860,1,[],,"[""6""]",หมอทำขวัญ,มีความชำนาญ และมีความรู้ความสามารถ,0
01-0872,1,"[""6""]",เลี้ยงไก่,"[""6""]",เลี้ยงไก่,สามารถทำที่บ้านได้,0
01-0873,1,"[""6""]",ไม่ต้องการทำงาน,"[""6""]",ไม่ต้องการทำงาน,สุขภาพไม่ค่อยแข็งแรง อายุเยอะ,0
01-0879,1,"[""6""]",เลี้ยงไก่,"[""6""]",เลี้ยงไก่,ชอบ และมีความถนัด,0
01-0886,1,[],,"[""6""]",เลี้ยงไก่,สบายใจได้เลี้ยงสัตว์,0
01-0887,1,[],,"[""5""]",,,0
01-0890,1,[],,"[""6""]",จักสาน,มีความถนัดสานไซดักปลาและสุ่มไก่,0
01-0893,1,[],,"[""5""]",,,0
01-0904,1,"[""6""]",ปลูกผัก เลี้ยงไก่,"[""6""]",ปลูกผัก เลี้ยงไก่,,0
01-0908,1,"[""1""]",,"[""6""]",ปลูกผักขายที่บ้าน,อยากทำที่บ้าน ปลูกไว้ขายและกินเอง,0
01-0916,1,"[""6""]","เลี้ยงกบ,ได้,ปลา","[""6""]","เลี้ยงไก่,ปลา,กบ","มีบ่อปลาอยู่แล้ว
อยากทำที่บ้าน
อยากมีรายได้
และคลายเหงา",0
01-0920,1,[],,"[""6""]","สวนปาล์ม,เลี้ยงไก่","ทำอยู่แล้ว,มีความถนัด",0
01-0923,1,"[""4""]",,"[""6""]",ประมง เลี้ยงปลา,เหมาะกับสภาพร่างกาย ปัจจุบันใช้ไม้เท้า,0
01-0924,1,[],,"[""6""]",เลี้ยวไก่,"แก้เหงา,มีรายได้เพิ่ม",0
01-0929,1,[],,"[""2""]",,,0
01-0930,1,"[""1""]",,"[""6""]",ไม่มี,ร่างกายไม่เอื้ออำนวย,0
01-0934,1,[],,"[""5""]",,,0
01-0939,1,"[""6""]",เลี้ยงไก่,"[""4""]",,,0
01-0941,1,[],,"[""6""]",ทำสวนปาล์ม,เคยทำ มีความถนัด และไม่เหนื่อยมาก,0
01-0955,1,"[""3""]",,"[""1""]",,,0
01-0956,1,[],,"[""1""]",,,0
01-0960,1,"[""3""]",,"[""5""]",,,0
01-0961,1,[],,"[""6""]",เลี้ยงไก่ไข่,งานไม่หนักมาก มีรายได้เสริม,0
01-0972,1,[],,"[""1""]",,,0
01-0973,1,[],,"[""6""]",งานดอกไม้ประดิษฐ์,ทำแล้วสนุกเพราะได้เจอเพื่อน ๆ ได้ทำเป็นกลุ่ม,0
01-0981,1,[],,"[""1""]",,,0
01-0987,1,[],,"[""2"",""5""]",,,0
01-0988,1,"[""6""]",ปลูกผักขายที่บ้าน,"[""6""]",ปลูกผักขายตามบ้าน,เหมาะกับสภาพร่างกายปัจจุบัน,0
01-0991,1,[],,"[""6""]",ดอกไม้ประดิษฐ์,มีคนมาหา ได้พบปะผู้คน,0
01-0995,1,[],,"[""6""]",เลี้ยงกบ,เลี้ยงกบอยู่บ้านเหมาะกับสภาพร่างกาย,0
01-0999,1,[],,"[""5""]",,,0
01-1001,1,[],,"[""5""]",,,0
01-1007,1,[],,"[""6""]",เลี้ยงสุกร,ถนัด สามารถสร้างรายได้ เป็นอาชีพที่ทำมานาน,0
01-1010,1,"[""6""]",ทำไม่ได้ เพราะเป็นโรคหัวเข่าเสื่อม,"[""6""]",ทำไม่ได้,ร่างกายไม่แข็งแรง,0
01-1015,1,[],,"[""1""]",,,0
01-1021,1,"[""6""]",ทำผม,"[""6""]",ทำผม,ถนัด ทำให้มีรายได้,0
01-1030,1,"[""6""]",เลี้ยงไก่,"[""6""]",ไม่ต้องการทำงาน,เป็นผู้ป่วยพิการขา,0
01-1038,1,"[""1""]",,"[""6""]",ไม่ต้องการทำงาน,เจ็บป่วยเป็นเบาหวาน โรคไต อาการกำเริบ,0
01-1041,1,[],,"[""5""]",,,0
01-1048,1,[],,"[""5""]",,,0
01-1057,1,[],,"[""6""]",รับจ้างทั่วไป,ถนัดงานด้านนี้ เป็นอาชีพที่เลี้ยงตนเองได้,0
01-1059,1,[],,"[""6""]",รับจ้างทั่วไป,ถนัดด้านนี้ มีรายได้เลี้ยงครอบครัว,0
01-1064,1,[],,"[""6""]",จักสาน,งานเบา ทำได้ที่บ้าน และขายได้,0
01-1068,1,[],,"[""4""]",,,0
01-1070,1,"[""6""]",ไม่ต้องการทำงาน,"[""6""]",ไม่ต้องการทำงาน,สุขภาพไม่ดี แก่ชรา เจ็บข้อเข่า,0
01-1076,1,[],,"[""5""]",,,0
01-1095,1,"[""6""]",ป่วยโรคผิวหนัง,"[""6""]",ปลูกผักสวนครัว,ปลูกไว้ขายและรับประทานเอง ทำได้ง่ายที่บ้าน,0
01-1096,1,"[""6""]",จักสาน,"[""6""]",จักสาน,ถนัด สามารถทำได้ที่บ้าน,0
01-1101,1,[],,"[""3""]",,,0
01-1102,1,[],,"[""5""]",,,0
01-1109,1,[],,"[""5""]",,,0
01-1114,1,"[""6""]",เลี้ยงไก่,"[""6""]",ไม่ต้องการทำงาน,เจ็บป่วยกระดูกเสื่อม ไทรอยด์เป็นพิษ แผลติดเชื้อทำากรผ่าตัด 3 รอบ กำลังฝึกเดิน,0
01-1116,1,"[""6""]",เลี้ยงไก่,"[""6""]",ไม่ต้องการทำงาน,เจ็บป่วยด้วยโรคถุงลมโป่งพอง เหนื่อยง่าย ทำงานหนักไม่ได้,0
01-1118,1,"[""1"",""6""]",เลี้ยงไก่,"[""6""]",เลี้ยงไก่พื้นบ้าน,เลี้ยงง่าย เลี้ยงได้ที่บ้าน มีรายได้จากการขาย และรับประทานเอง,0
01-1122,1,[],,"[""1""]",,,0
01-1124,1,[],,"[""6""]",-,แก่ชรา ไม่ค่อยแข็งแรง ไม่สามารถทำงานได้,0
01-1125,1,[],,"[""6""]",เพาะเห็ด,ขายดี รายได้ดี ทำเป็นอาชีพอยู่แล้ว,0
01-1126,1,[],,"[""6""]",เพาะเห็ด,ขายง่าย เป็นงานที่ทำอยู่แล้ว,0
01-1140,1,[],,"[""5""]",,,0
01-1156,1,[],,"[""5""]",,,0
01-1180,1,[],,"[""6""]",เลี้ยงปลา เลี้ยงไก่,ทำงานหนักไม่ได้,0
01-1187,1,"[""6""]",เลี้ยงไก่ เลี้ยงเป็ด,"[""6""]",เลี้ยงไก่,อยากมีรายได้,0
01-1200,1,[],,"[""5""]",,,0
01-1232,1,[],,"[""5""]",,,0
01-1247,1,[],,"[""6""]",เลี้ยงไก่,มีพื้นที่ในบริเวณที่สามารถใช้เลี้ยงไก่ได้ ทำได้ที่บ้าน,0
01-1248,1,[],,"[""6""]",เลี้ยงไก่,ทำที่บ้านได้ มีพื้นที่เอื้ออำนวย มีสายพันธุ์ไก่กระดูกดำ,0
01-1249,1,[],,"[""6""]",ปักผ้าชนเผ่า,มีความรู้และถนัดการแกะลายผ้าชนเผ่า,0
01-1253,1,[],,"[""6""]",ปักผ้าชนเผ่า,มีความถนัดทางด้านนี้,0
01-1257,1,"[""6""]",เลี้ยงไก่,"[""6""]",เลี้ยงไก่,มีพื้นที่เอื้ออำนวย ไม่ใช้แรงเยอะ สามารถทำที่บ้านได้,1
01-1260,1,"[""6""]",เลี้ยงไก่,"[""6""]",เลี้ยงไก่,มีเล้าไก่เดิมที่บ้าน,0
01-1263,1,[],,"[""6""]",เลี้ยงไก่ไข่,เพราะที่บ้านมีเล้าไก่อยู่ เลี้ยงไก่ไม่ต้องใช้แรงเยอะ ทำที่บ้านได้,0
01-1269,1,[],,"[""2""]",,,0
01-1271,1,[],,"[""6""]",ปักผ้าชนเผ่า,มีความรู้และชำนาญในการปักผ้าชนเผ่า,0
01-1272,1,"[""6""]",เลี้ยงไก่,"[""6""]",เลี้ยงไก่,มีพื้นที่ทำที่บ้านได้,0
01-1273,1,[],,"[""6""]",ปักผ้าชนเผ่า,มีความรู้และถนัดการแกะลายผ้า,0
01-1274,1,[],,"[""2""]",,,0
01-1279,1,[],,"[""6""]",เลี้ยงไก่,มีสถานที่พร้อม สามารถทำที่บ้านได้,0
01-1280,1,[],,"[""2""]",,,0
01-1281,1,"[""6""]",เลี้ยงไก่,"[""6""]",เลี้ยงไก่,"สามารถทำที่บ้านได้
ในหมู่บ้านมีสายพันธุ์ไก่ที่ขายได้ราคาดี",0
01-1282,1,[],,"[""6""]","ปักผ้าชนเผ่า ,เลี้ยงไก่",สามารถมีทำที่บ้านได้และมีสถานที่เอื้ออำนวย,0
01-1283,1,"[""6""]",ผ้าปักชนเผ่า,"[""6""]",ปักผ้าชนเผ่า,มีความถนัดในด้านการปักผ้า สามารถทำที่บ้านได้,0
01-1286,1,[],,"[""2""]",,,0
01-1287,1,[],,"[""2""]",,,0
01-1288,1,"[""6""]",เลี้ยงไก่,"[""6""]",เลี้ยงไก่,มีเล้าไก่ที่บ้าน สามารถทำงานที่บ้านได้,0
01-1290,1,[],,"[""2""]",,,0
01-1291,1,[],,"[""2""]",,,0
01-1295,1,"[""6""]",เลี้ยงไก่,"[""6""]",เลี้ยงไก่,มีพื้นที่และสามารถทำที่บ้านได้,0
01-1296,1,[],,"[""2""]",,,0
01-1299,1,[],,"[""6""]",เลี้ยงไก่ไข่ เย็บผ้าชนเผ่า,สามารถทำที่บ้าน และมีความชำนาญ,0
01-1300,1,"[""6""]","เลี้ยงไก่,ปลูกผักในบ้าน","[""6""]",เลี้ยงไก่,มีพื้นที่เอื้ออำนวยสามารถทำที่บ้านได้,0
01-1301,1,"[""6""]",ปักผ้า,"[""6""]",ปลูกผักสวนครัว ปักผ้าชนเผ่าเพิ่ม,มีพื้นที่ในบ้าน,0
01-1304,1,[],,"[""2""]",,,0
01-1306,1,"[""2"",""6""]",ปักผ้าชนเผ่า,"[""6""]",ปักผ้าชนเผ่า,มีความชำนาญในการปักผ้า,1
01-1308,1,"[""6""]",เลี้ยงไก่,"[""6""]",เลี้ยงไก่,สามารถทำที่บ้านได้เพราะมีพื้นที่เอื้ออำนวย,0
01-1309,1,"[""6""]",เลี้ยงไก่,"[""6""]",เลี้ยงไก่,มีสายพันธุ์ไก่ที่ตลาดต้องการสามารถทำที่บ้านได้,0
01-1312,1,[],,"[""2""]",,,0
01-1314,1,"[""6""]",เลี้ยงไก่,"[""6""]",เลี้ยงไก่,ทำที่บ้านได้มีพื้นที่เอื้ออำนวย,0
01-1315,1,"[""6""]",ปักผ้าชนเผ่า,"[""6""]",ปักผ้าชนเผ่า,มีความรู้ด้านนี้และสามารถทำที่บ้านได้,0
01-1316,1,[],,"[""2""]",,,0
01-1318,1,[],,"[""6""]",เลี้ยงไก่,มีพื้นที่ ในหมู่บ้านมีพันธุ์ไก่กระดูกดำซึ่งเป็นที่ต้องการของผู้ซื้อ,0
01-1322,1,[],,"[""2""]",,,0
01-1323,1,[],,"[""2""]",,,0
01-1327,1,"[""6""]",เลี้ยงไก่,"[""6""]",เลี้ยงไก่,อย่างทำงานที่บ้าน ในหมู่บ้านมีสายพันธุ์ไก่,0
01-1329,1,[],,"[""2""]",,,0
01-1331,1,"[""6""]",ปักผ้า,"[""6""]",ผ้าปักชนเผ่า,มีความถนัดและสามารถทำที่บ้านได้,0
01-1334,1,[],,"[""2""]",,,0
01-1335,1,[],,"[""2""]",,,0
01-1340,1,[],,"[""2""]",,,0
01-1351,1,[],,"[""6""]",เลี้ยงหอยขมในบ่อ,ชอบและอยากเลี้ยง,0
01-1352,1,"[""6""]",เลี้ยงไก่ ปลูกผักสวนครัว,"[""6""]",เลี้ยงไก่ ปลูกผักสวนครัว,มีพื้นที่ มีความรู้บ้างและอยากทำ,0
01-1357,1,"[""6""]",ปลูกผักสวนครัว,"[""6""]",ปลูกผักสวนครัว,มีพื้นที่และอยากทำ,0
01-1359,1,[],,"[""6""]",เลี้ยงไก่,มีพื้นที่ ชอบและมีความรู้,0
01-1365,1,[],,"[""1""]",,,0
01-1370,1,[],,"[""6""]",เลี้ยงไก่ไข่,มีพื้นที่ ชอบ,0
01-1374,1,[],,"[""6""]",จักสานไม้ไผ่,มีทักษะ ความรู้และสามารถทำได้ดี มีอุปกรณ์พร้อมทำ,0
01-1380,1,"[""6""]",ปลูกผักสวนครัวขาย,"[""6""]",งานประดิษฐ์ งานฝีมือ,มีความชอบ มีทักษะและมีความรู้,0
01-1382,1,[],,"[""6""]",งานไม้ไผ่,มีความรู้และทักษะการทำงานไม้ไผ่ สะดวก มีอุปกรณ์และพื้นที่,0
01-1386,1,[],,"[""6""]",ปลูกกผักสวนครัว ปักผ้า,มีพื้นที่ ชอบและมีความรู้การปักผ้าบ้าง,0
01-1387,1,[],,"[""6""]",ทำไม้กวาดดอกหญ้า,มีความรู้และมีทักษะในการทำไม้กวาด สามารถทำที่บ้านได้,0
01-1390,1,[],,"[""5""]",,,0
01-1391,1,[],,"[""6""]",ปลูกผัก เลี้ยงไก่,มีพื้นที่เอื้ออำนวย,0
01-1394,1,"[""6""]",ปลูกผักสวนครัว,"[""6""]",ปลูกผักสวนครัว,ทำที่บ้านได้ ไม่เหนื่อยมาก,0
01-1395,1,"[""6""]",ปลูกผักสวนครัว,"[""6""]",ปลูกผักสวนครัว,มีพื้นที่และชอบ,0
01-1403,1,"[""6""]",พืชผักสวนครัว,"[""6""]",พืชผักสวนครัว,ต้องการทำเป็นอาชีพ มีความรู้และชื่นชอบ,0
01-1404,1,"[""6""]",เลี้ยงไก่,"[""6""]",เลี้ยงไก่,ชื่นชอบ มีพื้นที่และมีความรู้ ,0
01-1406,1,[],,"[""6""]",ปลูกผักสวนครัวและจักสาน,มีพื้นที่ปลูกผักและชอบสาน มีความชำนาญ,0
01-1408,1,[],,"[""5""]",,,0
01-1413,1,[],,"[""6""]",เลี้ยงไก่,มีพื้นที่ ชอบและมีความรู้,0
01-1416,1,"[""6""]",เลี้ยงไก่,"[""6""]",เลี้ยงไก่,ชื่นชอบ มีความรู้ มีพื้นที่ สะดวก,0
01-1418,1,"[""3""]",,"[""1""]",,,0
01-1424,1,[],,"[""6""]",ทำไม้กวาดอ่อน,มีอุปกรณ์ มีทักษะ มีตลาดขายได้ มีลูกค้ารู้จัก มีพื้นที่ และชอบ,0
01-1431,1,[],,"[""6""]",เลี้ยงไก่บ้าน,อยากทำงานที่บ้าน พอมีความรู้เรื่องการเลี้ยงไก่มีพื้นที่สะดวก,0
01-1436,1,[],,"[""6""]",เพาะพันธุ์ไก่ชน สานสุ่มไก่,มีความรู้ มีอุปกรณ์ พอทำได้ และมีพื้นที่สะดวก,0
01-1438,1,[],,"[""6""]",ปลูกผักสวนครัว,มีพื้นที่ ชอบ,0
01-1439,1,[],,"[""5""]",,,0
01-1442,1,[],,"[""5""]",,,0
01-1444,1,[],,"[""1""]",,,0
01-1445,1,[],,"[""6""]",เลี้ยงไก่,มีพื้นที่เอื้ออำนวย มีทักษะความรู้ อยากเลี้ยงไก่ไข่,0
01-1446,1,[],,"[""6""]",เลี้ยงหมูและวัว,มีทักษะ มีพื้นที่ เคยเลี้ยง ชอบ มีอุปกรณ์และคอกวัวเก่า,0
01-1449,1,[],,"[""6""]",เย็บผ้า,มีอุปกรณ์จักรเย็บผ้า มีทักษะความรู้,0
02-0011,2,"[""1""]",,"[""6""]",ไม่ต้องการทำ,ลูกหลานไม่ให้ทำ,0
02-0012,2,"[""3""]",,"[""6""]",ไม่ต้องการประกอบอาชีพ,อายุมาก,0
02-0016,2,"[""1""]",,"[""6""]",ไม่ต้องการประกอบอาชีพ,ลูกไม่ให้ทำ,0
02-0018,2,[],,"[""1""]",,,0
02-0020,2,"[""1""]",,"[""6""]",ไม่ต้องการทำ,ลูกหลานไม่ให้ทำ,0
02-0021,2,"[""1""]",,"[""6""]",ไม่ต้องการทำงาน ลูกหลานไม่ให้ทำ,ลูกหลานไม่ให้ทำ,0
02-0022,2,"[""3""]",,"[""6""]",ไม่ต้องการทำ,ลูกไม่ให้ทำ,0
02-0024,2,"[""1""]",,"[""6""]",ไม่ต้องการประกอบอาชีพ,ลูกหลานไม่ให้ทำ,0
02-0027,2,"[""6""]",ลูกไม่ให้ทำ,"[""6""]",ไม่ต้องการทำ,ลูกหลานไม่ให้ทำ,0
02-0030,2,[],,"[""6""]",ไม่ต้องการทำ,เลี้ยงลูกหลาน และทำงานที่มีก็เพียงพอแล้ว,0
02-0036,2,"[""3""]",,"[""6""]",ไม่ต้องการทำ,ลูกหลานไม่ให้ทำ,0
02-0061,2,[],,"[""1""]",,,0
02-0072,2,[],,"[""6""]",ก่อสร้าง,,0
02-0079,2,"[""6""]",มีลูกหลานเลี้ยงดู,"[""6""]",,ลูกหลานไม่ให้ทำ,1
02-0081,2,"[""6"",""1""]",ไม่ต้องการทำ,"[""6""]",ไม่ต้องการทำงาน,งานที่ทำเพียงพอแล้ว ลูกหลานให้เลี้ยงหลานอยู่บ้าน,0
02-0083,2,"[""1""]",,"[""6""]",ไม่ต้องการประกอบอาชีพ,ลูกหลานไม่ให้ทำ,0
02-0086,2,"[""6""]",เลี้ยงสัตว์,"[""6""]",ไม่ต้องการประกอบอาชีพ,อายุมาก,0
02-0090,2,"[""6""]",เลี้ยงสัตว์,"[""6""]",ไม่ต้องการประกอบอาชีพ,อายุมาก,0
02-0091,2,[],,"[""6""]",ไม่ต้องการประกอบอาชีพเพิ่ม,อายุมาก,0
02-0096,2,"[""6""]",หมอดู,"[""6""]",ไม่ต้องการประกอบอาชีพ,ลูกหลานไม่ให้ทำ,0
02-0097,2,"[""6""]",ไม่สามารถทำงานได้ มีอาการสมองผิดปกติ,"[""6""]",ไม่ต้องการประกอบอาชีพ,ทำงานไม่ได้เนื่องจากเป็นอัลไซเมอร์  ขาอ่อนแรง  ไม่มีแรงทำงาน,0
02-0098,2,"[""3""]",,"[""6""]",ไม่ต้องการประกอบอาชีพ,อายุเยอะ  ร่างกายไม่แข็งแรง,0
02-0100,2,[],,"[""6""]",ไม่ต้องการประกอบอาชีพ,แก่ชรา,0
02-0102,2,"[""6""]",ไม่ต้องการประกอบอาชีพ,"[""4""]",,,0
02-0103,2,[],,"[""6""]",ไม่ต้องการประกอบอาชีพ,อายุมาก,0
02-0104,2,[],,"[""6""]",หมอนวดแผนไทย,ทำอยู่แล้ว,0
02-0105,2,"[""1""]",,"[""2""]",,,1
02-0109,2,"[""1"",""4""]",,"[""2""]",,,0
02-0117,2,"[""5""]",,"[""6""]",ไม่ต้องการประกอบอาชีพ,ร่างกายไม่แข็งแรง,0
02-0121,2,"[""1""]",,"[""5""]",,,1
02-0122,2,[],,"[""1""]",,,0
02-0123,2,"[""3""]",,"[""1""]",,,0
02-0125,2,"[""3""]",,"[""1""]",,,1
02-0146,2,[],,"[""6""]",ไม่ต้องการประกอบอาชีพ,ลูกหลานไม่ให้ทำ,0
02-0152,2,[],,"[""6""]",ไม่ต้องการประกอบอาชีพเพิ่มเติม,,0
02-0155,2,"[""6""]",ไม่ต้องการประกอบอาชีพ,"[""6""]",ไม่ต้องการประกอบอาชีพ,สุขภาพไม่แข็งแรง,0
02-0163,2,"[""6""]",มีลูกหลานเลี้ยงดู,"[""6""]",,ลูกหลานไม่ให้ทำ,1
02-0164,2,"[""6""]",ไม่ต้องการประกอบอาชีพ,"[""4""]",,,0
02-0168,2,[],,"[""6""]",ไม่ต้องการประกอบอาชีพเพิ่ม,อายุมาก,0
02-0175,2,[],,"[""6""]",ไม่ต้องการประกอบอาชีพ,อายุมาก,0
02-0183,2,[],,"[""5""]",,,0
02-0184,2,[],,"[""5""]",,,0
02-0186,2,[],,"[""6""]",ไม่ต้องการประกอบอาชีพ,ลูกไม่ให้ทำ,0
02-0187,2,"[""6""]",ลูกไม่ให้ทำงาน,"[""1""]",,,0
02-0188,2,[],,"[""1""]",,,0
02-0189,2,"[""1""]",,"[""4""]",,,0
02-0190,2,[],,"[""1""]",,,0
02-0192,2,[],,"[""6""]",,เป็นนางแต่งช่วยงานพระธาตุศรีสองรัก,0
02-0195,2,[],,"[""2"",""5""]",,,0
02-0196,2,"[""1""]",,"[""5""]",,,0
02-0197,2,[],,"[""6""]",เลี้ยงสัตว์,ทำอยู่แล้ว,0
02-0198,2,[],,"[""6""]",ไม่ต้องการประกอบอาชีพเพิ่ม,อายุมาก,0
02-0200,2,"[""6""]",ดูแลผู้พิการ,"[""5""]",,,0
02-0202,2,[],,"[""1""]",,,0
02-0203,2,[],,"[""3""]",,,0
02-0204,2,[],,"[""1""]",,,0
02-0205,2,"[""1""]",,"[""6""]",ไม่ต้องการประกอบอาชีพ,ลูกไม่ให้ทำ,0
02-0206,2,[],,"[""2""]",,,0
02-0208,2,[],,"[""5""]",,,0
02-0209,2,"[""1""]",,"[""4""]",,,0
02-0211,2,[],,"[""1""]",,,0
02-0212,2,[],,"[""5""]",,,0
02-0213,2,[],,"[""2""]",,,0
02-0214,2,[],,"[""2""]",,,0
02-0218,2,"[""6""]",เลี้ยงสัตว์ (เลี้ยงไก่เพื่อบริโภค),"[""6""]",ไม่ต้องการประกอบอาชีพ,สุขภาพไม่แข็งแรง,0
02-0219,2,"[""1""]",,"[""6""]",ไม่ต้องการประกอบอาชีพ,มีปัญหาด้านสุขภาพ,0
02-0220,2,"[""1""]",,"[""5""]",,,0
02-0221,2,[],,"[""5""]",,,0
02-0222,2,[],,"[""2""]",,,0
02-0225,2,"[""6""]",ลูกไม่ให้ทำ,"[""4""]",,,0
02-0227,2,[],,"[""6""]",,มีอาชีพอยู่แล้ว (เลี้ยงกระบือ),0
02-0229,2,"[""5""]",,"[""1""]",,,1
02-0230,2,[],,"[""5""]",,,0
02-0231,2,[],,"[""5""]",,,0
02-0240,2,[],,"[""1""]",,,0
02-0241,2,[],,"[""2""]",,,0
02-0242,2,[],,"[""5""]",,,0
02-0243,2,[],,"[""4""]",,,0
02-0244,2,[],,"[""2""]",,,0
02-0245,2,"[""6""]",เลี้ยงหลาน,"[""5""]",,,0
02-0247,2,[],,"[""1""]",,,0
02-0249,2,[],,"[""6""]",ทำต้นผึ้ง,,0
02-0250,2,[],,"[""2"",""5""]",,,0
02-0257,2,[],,"[""6""]",เลี้ยงสัตว์,เป็นความชอบส่วนตัว และคาดว่าน่าจะเป็นอาชีพที่ทำเงินได้อนาคต,0
02-0258,2,"[""1""]",,"[""6""]",ไม่ต้องการประกอบอาชีพ,อายุมากแล้ว ลูกไม่ต้องการให้ทำงาน,0
02-0261,2,[],,"[""2""]",,,0
02-0264,2,"[""1""]",,"[""6""]",ไม่ต้องการประกอบอาชีพ,ลูกหลานไม่ให้ทำ,0
02-0267,2,[],,"[""5""]",,,0
02-0284,2,"[""3""]",,"[""1""]",,,0
02-0285,2,"[""1""]",,"[""6""]",ไม่ต้องการประกอบอาชีพ,ลูกไม่ให้ทำ,0
02-0286,2,[],,"[""2""]",,,0
02-0287,2,"[""1""]",,"[""6""]",ไม่ต้องการประกอบอาชีพ,มีปัญหาด้านสุขภาพ ทำไม่ไหว ลูกไม่ให้ทำ,0
02-0290,2,[],,"[""6""]",ไม่ต้องการประกอบอาชีพ,อายุมาก,0
02-0292,2,"[""1""]",,"[""6""]",ไม่ต้องการประกอบอาชีพ ,,0
02-0294,2,[],,"[""6""]",ไม่ต้องการประกอบอาชีพ,มีปัญหาด้านสุขภาพ,0
02-0312,2,[],,"[""1""]",,,0
02-0314,2,[],,"[""1""]",,,0
02-0320,2,[],,"[""2""]",,,0
02-0321,2,[],,"[""4""]",,,0
02-0322,2,[],,"[""2""]",,,0
02-0323,2,[],,"[""6""]",ไม่ต้องการประกอบอาชีพเพิ่มเติม,มีงานที่ทำเพียงพอแล้ว,0
02-0324,2,[],,"[""5""]",,,0
02-0327,2,"[""1""]",,"[""6""]",ไม่ต้องการประกอบอาชีพ,อายุมาก,0
02-0328,2,"[""1""]",,"[""6""]",ไม่ต้องการประกอบอาชีพ,มีปัญหาด้านสุขภาพ,0
02-0330,2,[],,"[""4""]",,,0
02-0331,2,[],,"[""6""]",ไม่ต้องการประกอบอาชีพเพิ่ม,งานที่ทำเพียงพอแล้ว,0
02-0334,2,"[""1"",""3""]",,"[""6""]",ไม่ต้องการประกอบอาชีพ,อายุมาก,0
02-0335,2,[],,"[""5""]",,,0
02-0337,2,[],,"[""2""]",,,0
02-0339,2,[],,"[""2""]",,,0
02-0340,2,"[""6""]",เลี้ยงไก่,"[""6""]",,ทำไม่ได้,0
02-0343,2,"[""6""]",เลี้ยงสัตว์ (เลี้ยงไก่),"[""6""]",ไม่ต้องการประกอบอาชีพ,มีปัญหาด้านสุขภาพ  อายุมาก,0
02-0344,2,"[""6""]",ไม่ต้องการประกอบอาชีพ,"[""6""]",ไม่ต้องการประกอบอาชีพ,มีปัญหาด้านสุขภาพ  อายุมาก,0
02-0345,2,[],,"[""2""]",,,0
02-0347,2,[],,"[""3""]",,,0
02-0348,2,"[""6""]",ไม่ต้องการทำงาน,"[""6""]",ไม่ต้องการประกอบอาชีพ,เลี้ยงหมา เลี้ยงแมว,0
02-0351,2,"[""1""]",,"[""6""]",ไม่ต้องการประกอบอาชีพ,ลูกหลานส่งเงินให้ใช้ไม่ต้องประกอบอาชีพ,0
02-0353,2,[],,"[""6""]",ไม่สามารถประกอบอาชีพได้,อายุมาก,0
02-0357,2,[],,"[""2""]",,,0
02-0358,2,"[""3""]",,"[""6""]",ไม่ต้องการประกอบอาชีพเพิ่ม,มีปัญหาด้านสุขภาพ,0
02-0359,2,"[""1""]",,"[""6""]",ไม่ต้องการประกอบอาชีพ,อายุมาก,0
02-0362,2,"[""1""]",,"[""6""]",ไม่ต้องการประกอบอาชีพ,อายุมาก,0
02-0371,2,[],,"[""2""]",,,0
02-0374,2,"[""6""]",จักรสาน,"[""6""]",ไม่ต้องการทำงาน,อายุมาก,0
02-0375,2,[],,"[""6""]",ไม่ต้องการประกอบอาชีพ,อายุเยอะ,0
02-0378,2,[],,"[""6""]",ไม่ต้องการประกอบอาชีพ,งานที่ทำเพียงพอแล้ว,0
02-0383,2,"[""3""]",,"[""2""]",,,0
02-0388,2,[],,"[""2""]",,,0
02-0389,2,[],,"[""4"",""5""]",,,0
02-0394,2,[],,"[""3"",""2""]",,,0
02-0395,2,[],,"[""5""]",,,0
02-0396,2,[],,"[""3"",""2""]",,,0
02-0398,2,[],,"[""2"",""3""]",,,0
02-0400,2,[],,"[""2""]",,,0
02-0401,2,"[""6""]",งานจักรสาน,"[""6""]",ไม่ต้องการประกอบอาชีพ,มีปัญหาด้านสุขภาพ,0
02-0403,2,[],,"[""2""]",,,0
02-0404,2,[],,"[""2""]",,,0
02-0405,2,[],,"[""2""]",,,0
02-0406,2,[],,"[""1""]",,,0
02-0408,2,[],,"[""4""]",,,0
02-0417,2,"[""1""]",,"[""2""]",,,0
02-0420,2,"[""1""]",,"[""5""]",,,1
02-0422,2,[],,"[""6""]",ไม่ต้องการประกอบอาชีพ,เลี้ยหลาน,0
02-0423,2,"[""5""]",,"[""6""]",ไม่ต้องการประกอบอาชีพ,มีปัญหาด้านสุขภาพ,0
02-0424,2,[],,"[""1""]",,,0
02-0426,2,"[""1""]",,"[""2""]",,,1
02-0427,2,"[""5""]",,"[""2""]",,,0
02-0428,2,"[""1""]",,"[""2""]",,,0
02-0431,2,"[""1""]",,"[""2""]",,,0
02-0432,2,"[""1""]",,"[""2""]",,,1
02-0433,2,"[""1""]",,"[""5""]",,,0
02-0438,2,"[""1""]",,"[""2""]",,,0
02-0441,2,"[""1""]",,"[""2""]",,,0
02-0443,2,"[""1""]",,"[""2""]",,,1
02-0446,2,[],,"[""2""]",,,0
02-0447,2,[],,"[""1""]",,,0
02-0448,2,"[""5""]",,"[""1""]",,,1
02-0449,2,"[""1""]",,"[""2""]",,,0
02-0451,2,"[""3""]",,"[""1""]",,,1
02-0456,2,[],,"[""6""]",ไม่ต้องการประกอบอาชีพเพ่มเติม,,0
02-0457,2,"[""1""]",,"[""5""]",,,1
02-0461,2,"[""1""]",,"[""2""]",,,0
02-0462,2,"[""3""]",,"[""1""]",,,0
02-0471,2,"[""1""]",,"[""6""]",ไม่ต้องการประกอบอาชีพ,อายุมากแล้ว,0
02-0474,2,[],,"[""5""]",,,0
02-0478,2,"[""1""]",,"[""6""]",,ลูกหลานไม่ให้ทำ,0
02-0479,2,[],,"[""5""]",,,0
02-0489,2,"[""1""]",,"[""2""]",,,1
02-0500,2,[],,"[""2""]",,,0
02-0501,2,[],,"[""2""]",,,0
02-0502,2,"[""1""]",,"[""2""]",,,1
02-0503,2,[],,"[""6""]",รับจ้างทั่วไป,ไม่มีที่ดินทำกิน  ถนัดงานก่อสร้าง,0
02-0504,2,"[""3""]",,"[""1""]",,,1
02-0505,2,"[""3""]",,"[""1""]",,,1
02-0508,2,[],,"[""2""]",,,0
02-0509,2,"[""1""]",,"[""2""]",,,1
02-0510,2,[],,"[""2""]",,,0
02-0511,2,[],,"[""2""]",,,0
02-0512,2,[],,"[""1""]",,,0
02-0514,2,"[""1""]",,"[""2""]",,,0
02-0515,2,[],,"[""5""]",,,0
02-0516,2,[],,"[""2""]",,,0
02-0517,2,"[""1""]",,"[""2""]",,,1
02-0518,2,"[""1""]",,"[""6""]",ไม่ต้องการประกอบอาชีพ,สุขภาพไม่แข็งแรง,0
02-0524,2,[],,"[""2""]",,,0
02-0525,2,[],,"[""2""]",,,0
02-0526,2,"[""3""]",,"[""1""]",,,1
02-0528,2,"[""1""]",,"[""2""]",,,1
02-0529,2,[],,"[""2""]",,,0
02-0530,2,"[""1""]",,"[""5""]",,,1
02-0531,2,[],,"[""2""]",,,0
02-0532,2,"[""1""]",,"[""2""]",,,1
02-0535,2,"[""1""]",,"[""1""]",,,0
02-0539,2,[],,"[""2""]",,,0
02-0548,2,[],,"[""6""]",ช่างซ่อมเครื่องใช้ไฟฟ้า,,0
02-0551,2,[],,"[""2""]",,,0
02-0554,2,[],,"[""6""]",ช่างเชื่อมเหล็ก,เป็นอาชีพที่ถนัดและทำอยู่ในปัจจุบัน,0
02-0572,2,[],,"[""5""]",,,0
02-0588,2,"[""1""]",,"[""6""]",ไม่ต้องการประกอบอาชีพ,อายุมาก และมีปัญหาด้านสุขภาพ,0
02-0593,2,"[""1""]",,"[""6""]",ไม่ต้องการประกอบอาชีพ,อายุมาก,0
02-0595,2,[],,"[""1""]",,,0
02-0618,2,"[""1""]",,"[""5""]",,,0
02-0619,2,[],,"[""2""]",,,0
02-0626,2,"[""1""]",,"[""5""]",,,0
02-0631,2,[],,"[""6""]",ไม่ต้องการประกอบอาชีพเพิ่มเติม,อายุมาก,0
02-0634,2,"[""1""]",,"[""6""]",ไม่ต้องการอาชีพ,อายุมาก,0
02-0635,2,"[""1""]",,"[""5""]",,,0
02-0662,2,[],,"[""6""]",เลี้ยงสัตว์ (ปลา ไก่),จะได้นำมาปรุงอาหารกินในครอบครัว,0
02-0664,2,[],,"[""5""]",,,0
02-0680,2,"[""1""]",,"[""1""]",,,0
02-0681,2,[],,"[""1""]",,,0
02-0682,2,"[""1""]",,"[""6""]",ไม่ต้องการประกอบอาชีพ,มีปัญหาด้านสุขภาพ,0
02-0684,2,[],,"[""2""]",,,0
02-0685,2,"[""1""]",,"[""5""]",,,0
02-0686,2,[],,"[""1""]",,,0
02-0687,2,"[""1""]",,"[""6""]",ไม่ต้องการประกอบอาชีพ,สุขภาพไม่แข็งแรง,0
02-0695,2,[],,"[""5""]",,,0
02-0700,2,"[""1""]",,"[""6""]",ไม่ต้องการประกอบอาชีพ,,0
02-0702,2,"[""6""]",การทำงานดอกไม้ประดิษฐ์,"[""6""]",การประดิษฐ์ดอกไม้,สามารถทำอยู่บ้านได้  และทำตอนไหนก็ได้  และนำไปสอนผู้อื่นได้ด้วย  ไม่เหงามีเพื่อน ได้พบปะพูดคุย ,1
02-0703,2,[],,"[""1""]",,,0
02-0704,2,[],,"[""1"",""2"",""5""]",,,0
02-0716,2,[],,"[""2""]",,,0
02-0722,2,[],,"[""2""]",,,0
02-0725,2,"[""1""]",,"[""5""]",,,1
02-0727,2,[],,"[""2""]",,,0
02-0734,2,[],,"[""6""]",เพาะเห็ด,เป็นความชอบ และคิดว่าน่าจะเหมาะกับอายุและเป็นที่ทำแล้วสบายใจ,0
02-0737,2,[],,"[""6""]",ไม่ต้องการประกอบอาชีพ,อายุมาก ลูกไม่ให้ทำ,0
02-0743,2,[],,"[""2""]",,,0
02-0749,2,[],,"[""6""]",ไม่ต้องการประกอบอาชีพเพิ่ม,งานที่่ทำเพียงพอแล้ว,0
02-0750,2,[],,"[""6""]",ไม่ต้องการประกอบอาชีพ,อายุมากแล้ว,0
02-0751,2,[],,"[""6""]",ไม่ต้องการประกอบอาชีพเพิ่ม,งานที่ทำเพียงพอแล้ว,0
02-0753,2,[],,"[""5"",""2""]",,,0
02-0758,2,[],,"[""2""]",,,0
02-0759,2,[],,"[""2"",""5""]",,,0
02-0763,2,[],,"[""2""]",,,0
02-0765,2,[],,"[""5""]",,,0
02-0767,2,[],,"[""2""]",,,0
02-0769,2,[],,"[""2"",""5""]",,,0
02-0771,2,[],,"[""2""]",,,0
02-0774,2,[],,"[""5""]",,,0
02-0783,2,[],,"[""6""]",รับจ้างขุดเจาะบ่อน้ำบาดาล,มีงานทำแล้ว,0
02-0785,2,"[""1""]",,"[""2""]",,,1
02-0787,2,"[""1""]",,"[""2""]",,,0
02-0788,2,"[""1""]",,"[""2""]",,,0
02-0789,2,"[""1""]",,"[""2""]",,,0
02-0790,2,"[""1""]",,"[""2""]",,,1
02-0793,2,"[""1""]",,"[""2""]",,,1
02-0795,2,[],,"[""1""]",,,0
02-0797,2,[],,"[""1""]",,,0
02-0800,2,[],,"[""1""]",,,0
02-0803,2,"[""1""]",,"[""5""]",,,1
02-0810,2,[],,"[""2"",""5""]",,,0
02-0811,2,"[""6""]",ไม่ต้องการทำงาน เพราะเลี้ยงดูหลาน,"[""6""]",,ปัญหาด้านสุขภาพ และต้องเลี้ยงดูหลาน,0
02-0812,2,[],,"[""1""]",,,0
02-0813,2,[],,"[""6""]",,ปัญหาสุขภาพ,0
02-0817,2,[],,"[""6""]",ไม่ต้องการประกอบอาชีพ,อายุมาก,0
02-0819,2,[],,"[""2""]",,,0
02-0820,2,[],,"[""6""]",ไม่ต้องการประกอบอาชีพ,อายุมาก,0
02-0822,2,[],,"[""6""]",ไม่ต้องการประกอบอาชีพ,ที่ทำอยู่ก็เพียงพอต่อการเลี้ยงแล้ว,0
02-0823,2,[],,"[""1""]",,,0
02-0825,2,[],,"[""6""]",ไม่ต้องการประกอบอาชีพ,มีปัญหาด้านสุขภาพ  อายุมาก,0
02-0828,2,"[""1""]",,"[""6""]",ไม่ต้องการประกอบอาชีพ,อายุมากแล้ว ปัญหาสุขภาพ และลูกไม่ให้ทำงาน,0
02-0829,2,[],,"[""6""]",ไม่ต้องการประกอบอาชีพ,อายุมาก,0
02-0830,2,[],,"[""6""]",ไม่ต้องการประกอบอาชีพ,อายุมาก,0
02-0831,2,[],,"[""1""]",,,0
02-0832,2,[],,"[""6""]",,ปัญหาสุขภาพ ลูกๆไม่ให้ทำ,0
02-0844,2,[],,"[""5""]",,,0
02-0845,2,[],,"[""2""]",,,0
02-0847,2,[],,"[""1""]",,,0
02-0852,2,[],,"[""2""]",,,0
02-0853,2,[],,"[""6""]",ช่างก่อสร้าง,ปัจจุบันทำงานรับจ้างต่อเติมบ้าน แต่งานจ้างมีน้อย  ต้องการทำงานมีรายได้เพิ่มขึ้น,0
02-0854,2,[],,"[""2""]",,,0
02-0858,2,[],,"[""2"",""5"",""3""]",,,0
02-0859,2,"[""1""]",,"[""2"",""5""]",,,0
02-0861,2,[],,"[""2""]",,,0
02-0862,2,[],,"[""1""]",,,0
02-0863,2,[],,"[""2""]",,,0
02-0864,2,[],,"[""1"",""2""]",,,0
02-0876,2,[],,"[""6""]",,,0
02-0877,2,[],,"[""2"",""3""]",,,0
02-0878,2,"[""1""]",,"[""6""]",ไม่ต้องการประกอบอาชีพ,มีเงินบำเหน็จรายเดือนเพียงพอต่อการเลี้ยงชีพ  ปัจจุบันทำสวนผักและจักสารเป็นงานอดิเรก  ทำเพื่อใช้เวลาว่างให้เกิดประโยชน์  นำผักมาเป็นอาหาร  มีเวลาเดินออกกำลังกาย  ลูกๆ มีงานทำสามารถดูแลตัวเองได้แล้ว,0
02-0883,2,[],,"[""1""]",,,0
02-0887,2,[],,"[""5""]",,,0
02-0888,2,[],,"[""1""]",,,0
02-0889,2,[],,"[""5""]",,,0
02-0894,2,[],,"[""1""]",,,0
02-0895,2,[],,"[""5""]",,,0
02-0896,2,[],,"[""1""]",,,0
02-0898,2,[],,"[""2""]",,,0
02-0901,2,[],,"[""2"",""5""]",,,0
02-0902,2,[],,"[""1""]",,,0
02-0903,2,"[""1""]",,"[""5""]",,,1
02-0915,2,[],,"[""5""]",,,0
02-0920,2,[],,"[""1""]",,,0
02-0921,2,"[""1""]",,"[""2""]",,,0
02-0923,2,[],,"[""2""]",,,0
02-0925,2,[],,"[""2""]",,,0
02-0929,2,"[""1""]",,"[""5""]",,,0
02-0932,2,[],,"[""6""]",เลี้ยงสัตว์ (เลี้ยงวัว),,0
02-0936,2,[],,"[""2"",""1""]",,,1
02-0947,2,[],,"[""2""]",,,0
02-0948,2,[],,"[""3""]",,,0
02-0950,2,[],,"[""6""]",รับจ้าง,พอใจในงานที่ทำอยู่แล้ว,0
02-0951,2,[],,"[""6""]",จักรสาน (สานกระติ๊บข้าว),มีปัญหาด้านสุขภาพ ทำงานหนักไม่ได้,0
02-0952,2,[],,"[""1""]",,,0
02-0953,2,[],,"[""5"",""3""]",,,0
02-0955,2,[],,"[""6""]",มีอาชีพที่เพียงพอแล้ว,อายุมากแล้ว,0
02-0956,2,[],,"[""2""]",,,0
02-0957,2,[],,"[""6""]",ไม่ต้องการประกอบอาชีพเพิ่ม,อายุมาก,0
02-0958,2,[],,"[""6""]",ไม่ต้องการประกอบอาชีพ,มีปัญหาด้านสุขภาพ และลูกไม่ให้ทำ,0
02-0961,2,[],,"[""6""]",ไม่ต้องการประกอบอาชีพ,อายุมากแล้ว,0
02-0963,2,[],,"[""6""]",ไม่ต้องการประกอบอาชีพ,อายุมาก,0
02-0966,2,[],,"[""6""]",จักรสาน,ทำอยู่ที่บ้านและทำอยู่แล้ว,0
02-0972,2,[],,"[""2""]",,,0
02-0977,2,[],,"[""3""]",,,0
02-0978,2,"[""1""]",,"[""6""]",ไม่ต้องการประกอบอาชีพ,ลูกไม่ให้ทำ,1
02-0981,2,"[""1""]",,"[""6""]",ไม่ต้องการประกอบอาชีพ,ลูกไม่ให้ทำ,0
02-0983,2,[],,"[""2""]",,,0
02-1019,2,[],,"[""1""]",,,0
02-1026,2,[],,"[""4""]",,,0
02-1033,2,[],,"[""2""]",,,0
02-1034,2,[],,"[""4""]",,,0
02-1035,2,[],,"[""4""]",,,0
02-1036,2,[],,"[""2""]",,,0
02-1037,2,[],,"[""4""]",,,0
03-0028,3,"[""3""]",,"[""1""]",,,0
03-0039,3,"[""4""]",,"[""6""]",ประมง,เคยทำ,1
03-0044,3,[],,"[""1""]",,,0
03-0089,3,[],,"[""1""]",,,0
03-0121,3,[],,"[""1""]",,,0
03-0138,3,[],,"[""1""]",,,0
03-0165,3,"[""6""]",ประมง,"[""6""]",ประมง,ชำนาญ,1
03-0179,3,"[""5""]",,"[""6""]",รับจ้างทั่วไป,ชำนาญในการใช้แรง,1
03-0198,3,[],,"[""1""]",,,0
03-0208,3,"[""5""]",,"[""1""]",,,1
03-0261,3,[],,"[""1""]",,,0
03-0265,3,[],,"[""1""]",,,0
03-0266,3,"[""6""]",นักการเมือง,"[""6""]",เป็นนักการเมือง,เคยเป็นมาก่อน,1
03-0274,3,"[""3""]",,"[""1""]",,,0
03-0276,3,[],,"[""1""]",,,0
03-0364,3,[],,"[""1""]",,,0
03-0369,3,[],,"[""6""]",รับจ้างทั่วไป,มีอะไรทำก็ทำไปเรื่อย,0
03-0377,3,"[""6""]",ปลูกต้นไม้ ดอกไม้,"[""4""]",,,1
03-0380,3,"[""3""]",,"[""1""]",,,0
03-0384,3,"[""5"",""3""]",,"[""1""]",,,0
03-0386,3,"[""5""]",,"[""6""]",ขับรถ,ชำนาญ,1
03-0387,3,[],,"[""1""]",,,0
03-0413,3,[],,"[""1""]",,,0
03-0423,3,[],,"[""1""]",,,0
03-0424,3,[],,"[""1""]",,,0
03-0430,3,[],,"[""6""]",รับจ้างทำความสะอาด,ทำอยู่แล้ว,0
03-0431,3,"[""1""]",,"[""2""]",,,0
03-0434,3,[],,"[""1""]",,,0
03-0445,3,"[""6""]",กิจกรรมสุขภาพ,"[""6""]",จิตอาสา,ชอบช่วยเหลือคนอื่น,1
03-0446,3,"[""3""]",,"[""1""]",,,1
03-0456,3,"[""3""]",,"[""1""]",,,0
03-0460,3,"[""1""]",,"[""2""]",,,1
03-0474,3,[],,"[""1""]",,,0
03-0475,3,[],,"[""6""]",เย็บผ้า รีดผ้า ซักผ้า,ทำอยู่แล้ว,0
03-0476,3,[],,"[""1""]",,,0
03-0478,3,[],,"[""1""]",,,0
03-0484,3,"[""3""]",,"[""1""]",,,1
03-0502,3,"[""5""]",,"[""6""]",งานออกแบบ เขียนแบบ,มีความรู้ด้านนี้,1
03-0520,3,[],,"[""6""]",ขับรถรับจ้างทั่วไป,เคยทำงานด้านนี้มาก่อน,0
03-0531,3,[],,"[""1""]",,,0
03-0534,3,"[""3""]",,"[""1""]",,,0
03-0551,3,[],,"[""6""]",เก็บของเก่าขาย,ทำอยู่แล้ว,0
03-0554,3,"[""6""]",จิตอาสา,"[""1""]",,,1
03-0583,3,"[""6""]",จิตอาสา,"[""6""]",จิตอาสาช่วยเหลือสังคม,อยากช่วยงานผู้อื่น,1
03-0589,3,[],,"[""6""]",เจ้าของกิจการ,ทำอยู่แล้ว,0
03-0592,3,"[""4""]",,"[""6""]",ประมง,ชำนาญ เคยทำมาก่อน,0
03-0618,3,[],,"[""6""]",ขับตุ๊กๆ,เพราะทำอยู่แล้ว,0
03-0622,3,"[""6""]",ทำไร่ทำสวน,"[""2""]",,,1
03-0638,3,[],,"[""6""]",ขับรถ,มีความถนัดในการขับรถ,0
03-0650,3,[],,"[""1""]",,,0
03-0673,3,"[""5"",""6""]",งานบ้านงานร้านอาหาร,"[""6""]",รับจ้างทั่วไป,เป็นงานที่ทำอยู่ประจำ,1
03-0674,3,[],,"[""1""]",,,0
03-0675,3,[],,"[""1""]",,,0
03-0708,3,[],,"[""1""]",,,0
03-0718,3,[],,"[""1""]",,,0
03-0735,3,[],,"[""1""]",,,0
03-0758,3,[],,"[""6""]","ประปาน้ำดื่ม,งานช่าง(ประปาและก่อสร้าง)",มีความรู้ความชำนาญ,0
03-0759,3,[],,"[""1""]",,,0
03-0785,3,"[""3"",""5"",""6""]",วิทยากรด้านเบเกอรี่,"[""1""]",,,1
03-0790,3,[],,"[""6""]",ประมง,เลี้ยงหอย,0
03-0804,3,"[""1"",""6""]",ทำสวนผลไม้,"[""4""]",,,1
03-0818,3,"[""3""]",,"[""1""]",,,0
03-0824,3,[],,"[""1""]",,,0
03-0857,3,[],,"[""1""]",,,0
03-0858,3,[],,"[""6""]",ขับรถรับจ้าง,ประกอบอาชีพนี้อยู่แล้ว,0
03-0860,3,"[""3""]",,"[""1""]",,,0
03-0872,3,[],,"[""1""]",,,0
03-0874,3,"[""3""]",,"[""1""]",,,0
03-0882,3,[],,"[""1""]",,,0
03-0883,3,[],,"[""1""]",,,0
03-0899,3,[],,"[""1""]",,,0
03-0928,3,[],,"[""1""]",,,0
03-0955,3,[],,"[""1""]",,,0
03-0965,3,"[""3""]",,"[""1""]",,,1
03-0977,3,[],,"[""6""]",ทำประมงชายฝั่งทะเล,มีความถนัดเชี่ยวชาญในด้านนี้มาตั้งแต่อายุยังน้อยๆ,0
03-0980,3,[],,"[""1""]",,,0
03-0989,3,"[""3""]",,"[""1""]",,,1
03-0996,3,"[""3"",""5""]",,"[""1""]",,,1
03-1000,3,"[""6""]",งานประดิษฐ์,"[""6""]",ทำดอกไม้ประดิษฐ์,เป็นงานที่ถนัด,1
03-1003,3,[],,"[""1""]",,,0
03-1005,3,"[""3""]",,"[""1""]",,,0
03-1019,3,[],,"[""1""]",,,0
03-1036,3,[],,"[""1""]",,,0
03-1037,3,[],,"[""1""]",,,0
03-1038,3,[],,"[""1""]",,,0
03-1039,3,"[""6""]",ช่างไฟฟ้าอาคาร,"[""1""]",,,1
03-1058,3,[],,"[""1""]",,,0
03-1059,3,[],,"[""1""]",,,0
03-1063,3,"[""6""]",นักการเมืองท้องถิ่น,"[""1""]",,,1
03-1068,3,[],,"[""1""]",,,0
03-1072,3,[],,"[""1""]",,,0
03-1077,3,"[""6""]",จิตอาสา,"[""6""]",จิตอาสาด้านสุขภาพ,เคยทำงานด้านนี้ และอยากช่วยคน,0
03-1101,3,[],,"[""1""]",,,0
03-1105,3,[],,"[""6""]",ช่าง,ทำอยู่แล้ว,0
03-1121,3,"[""5"",""3""]",,"[""2""]",,,0
03-1124,3,[],,"[""1""]",,,0
03-1159,3,"[""3""]",,"[""1""]",,,0
03-1227,3,[],,"[""6""]",รับจ้าง,เป็นอาชีพที่เคยทำมาก่อน,0
03-1241,3,"[""3""]",,"[""1""]",,,1
03-1245,3,[],,"[""6""]",ธุรกิจส่วนตัว,ทำอยู่แล้ว,0
03-1255,3,[],,"[""1""]",,,0
03-1272,3,[],,"[""6""]",ซักรีด,ทำอยู่แล้ว,0
03-1287,3,[],,"[""6""]",เสริมสวย,ชำนาญ,0
03-1301,3,[],,"[""1""]",,,0
03-1307,3,"[""6""]",ที่ปรึกษาการกุศล,"[""6""]",ที่ปรึกษาการกุศล,ทำอยู่แล้ว,1
03-1315,3,[],,"[""1""]",,,0
03-1316,3,[],,"[""1""]",,,0
03-1332,3,[],,"[""6""]",ธุระกิจห้องเช่า,ทำอยู๋แล้ว,0
03-1333,3,"[""6""]",สอนหนังสือ,"[""6""]",สอนหนังสือ,ชำนาญ,1
03-1349,3,[],,"[""1""]",,,0
03-1366,3,[],,"[""1""]",,,0
03-1368,3,[],,"[""6""]",ประมง,ชอบ ทำจนชำนาญ,0
03-1370,3,[],,"[""1""]",,,0
03-1387,3,[],,"[""1""]",,,0
03-1399,3,[],,"[""6""]",ประมง,ชำนาญในการออกเรือ,0
03-1419,3,"[""3""]",,"[""1""]",,,0
03-1432,3,"[""3""]",,"[""1""]",,,0
03-1453,3,[],,"[""1""]",,,0
03-1454,3,[],,"[""1""]",,,0
03-1471,3,[],,"[""1""]",,,0
03-1472,3,[],,"[""1""]",,,0
03-1473,3,[],,"[""1""]",,,0
03-1475,3,[],,"[""1""]",,,0
03-1476,3,[],,"[""1""]",,,0
03-1496,3,[],,"[""1""]",,,0
03-1510,3,"[""4""]",,"[""6""]",ประมง,ชอบ มีความชำนาญ,0
03-1521,3,[],,"[""1""]",,,0
03-1534,3,"[""3""]",,"[""1""]",,,0
03-1543,3,[],,"[""1""]",,,0
03-1544,3,[],,"[""1""]",,,0
03-1549,3,[],,"[""1""]",,,0
03-1555,3,[],,"[""1""]",,,0
03-1570,3,[],,"[""1""]",,,1
03-1571,3,[],,"[""6""]",ขับวินมอเตอร์ไซค์,สภาพร่างกาย,0
03-1573,3,[],,"[""1""]",,,0
03-1576,3,[],,"[""1""]",,,0
03-1577,3,[],,"[""1""]",,,0
03-1580,3,"[""5""]",,"[""6""]",ถักโคเช,ชอบงานเย็บปักถักร้อย,0
03-1581,3,[],,"[""6""]",งานอิสระ,ไม่อยากทำงานวุ่นวาย,0
03-1589,3,[],,"[""1""]",,,0
03-1596,3,"[""6""]",จิตอาสาด้านสุขภาพ,"[""6""]",จิตอาสา,ทำอยู่แล้ว,1
03-1601,3,"[""5""]",,"[""1""]",,,1
03-1614,3,[],,"[""1""]",,,0
03-1618,3,[],,"[""1""]",,,0
03-1620,3,[],,"[""1""]",,,0
03-1621,3,[],,"[""6""]",ประมง แพหอย,ทำอยู่แล้ว,0
03-1645,3,[],,"[""1""]",,,0
03-1646,3,[],,"[""1""]",,,0
03-1650,3,"[""3""]",,"[""1""]",,,0
03-1666,3,[],,"[""2""]",,,0
03-1680,3,[],,"[""1""]",,,0
03-1690,3,[],,"[""6""]",นักการเมือง,ทำเป็นอาชีพ,0
03-1694,3,[],,"[""6""]",ประมง,ชอบ ชำนาญในการออกเรือ,0
03-1695,3,[],,"[""1""]",,,0
03-1709,3,[],,"[""6""]",ประมง,มีความสามารถทางด้านประมง,0
03-1715,3,"[""5""]",,"[""6""]",อิสระ,อยาทำอยู่กับบ้าน,0
03-1717,3,[],,"[""6""]",ประมง,มีความรู้เรื่องความประมง,0
03-1719,3,"[""3""]",,"[""1""]",,,0
03-1720,3,[],,"[""6""]",สอนกีฬา,ชอบด้านกีฬาว่ายน้ำและวอลเลย์บอล,0
03-1723,3,[],,"[""1""]",,,0
03-1731,3,[],,"[""1""]",,,0
03-1736,3,"[""3""]",,"[""2""]",,,0
03-1765,3,"[""3""]",,"[""1""]",,,1
03-1797,3,[],,"[""1""]",,,0
03-1798,3,"[""6""]",แปลภาษาอังกฤษ,"[""6""]",แปลภาษาอังกฤษ,ชอบ มีความสามารถ,0
03-1820,3,[],,"[""1""]",,,0
03-1847,3,[],,"[""1""]",,,0
03-1859,3,[],,"[""1""]",,,0
03-1872,3,[],,"[""1""]",,,0
03-1873,3,[],,"[""1""]",,,0
??.?.-18,3,[],,"[""1""]",,,0
??.?.-29,3,[],,"[""6""]",งานด้านศิลปะทุกแขนง,จบมาด้านศิลปะ และปัจจุบันเป็นศิลปินดีเด่น สาขาทัศนศิลป์และจิตกรรม,0
??.?.-49,3,[],,"[""1""]",,,0
??.?.-60,3,[],,"[""6""]",ธุรกิจห้องเช่า,ทำอาชีพนี้อยู่แล้ว,0
??.?.-68,3,[],,"[""1""]",,,0
??.?.-87,3,[],,"[""6""]",เจ้าของกิจการ,ทำอยู่แล้ว,0
??.?.-89,3,[],,"[""1""]",,,0
??.?.-90,3,"[""5""]",,"[""6""]",งานจิตอาสา,ใจรัก,1
??.?.-98,3,[],,"[""6""]",แม่บ้าน,ทำอยู่แล้ว,0
??.?.-12,3,[],,"[""6""]",นวดแผนไทย,ทำอยู่แล้ว,0
??.?.-24,3,[],,"[""6""]",แม่บ้าน,ทำอยู่แล้ว,0
??.?.-35,3,"[""3""]",,"[""1""]",,,0
??.?.-38,3,[],,"[""6""]",ทำผมสตรี,ทำอยู่แล้ว,0
??.?.-39,3,[],,"[""1""]",,,0
??.?.-57,3,[],,"[""1""]",,,0
??.?.-59,3,[],,"[""1""]",,,0
??.?.-70,3,[],,"[""6""]",บ้านเช่า,ทำอยู่แล้ว,0
??.?.-71,3,"[""3""]",,"[""1""]",,,0
??.?.-73,3,[],,"[""6""]",เจ้าของกิจการ,ทำอยู่แล้ว,0
??.?.-10,3,"[""1""]",,"[""4""]",,,1
??.?.-12,3,[],,"[""1""]",,,0
??.?.-39,3,"[""6""]",ไม่สามารถทำงานได้,"[""6""]",อยู่กับบ้าน,ไม่สามารถทำงานอย่างอื่นได้ อายุมากแล้ว,0
??.?.-70,3,[],,"[""1""]",,,0
??.?.-82,3,[],,"[""6""]",ช่างซ่อมอิเล็กทรอนิกส์,ต้องการทำงานช่างซ่อมอิเล็กทรอนิกส์,0
??.?.-88,3,[],,"[""1""]",,,0
??.?.-10,3,"[""3""]",,"[""1""]",,,1
??.?.-19,3,[],,"[""1""]",,,0
??.?.-20,3,[],,"[""1""]",,,0
??.?.-22,3,[],,"[""1""]",,,0
??.?.-23,3,[],,"[""1""]",,,0
??.?.-24,3,[],,"[""6""]",ขับสองแถว,ทำอยู่แล้ว,0
??.?.-25,3,[],,"[""1""]",,,0
??.?.-34,3,"[""3""]",,"[""1""]",,,0
??.?.-40,3,[],,"[""1""]",,,0
??.?.-52,3,[],,"[""1""]",,,0
??.?.-55,3,"[""3""]",,"[""1""]",,,0
??.?.-58,3,[],,"[""6""]",เจ้าของกิจการและนักการเมืองท้องถิ่น,ต้องการพัฒนาท้องถิ่น,0
??.?.-65,3,"[""6""]",จิตอาสา,"[""1""]",,,1
??.?.-69,3,[],,"[""1""]",,,0
??.?.-74,3,[],,"[""1""]",,,0
??.?.-80,3,"[""3""]",,"[""1""]",,,0
??.?.-81,3,"[""3""]",,"[""1""]",,,0
??.?.-02,3,"[""5""]",,"[""6""]",ตัดเย็บเสื้อผ้า,เย็บจักรเป็น,0
??.?.-03,3,[],,"[""1""]",,,0
??.?.-07,3,[],,"[""6""]",มีกิจการส่วนตัว,ทำอยู่แล้ว,0
??.?.-08,3,"[""3""]",,"[""1""]",,,0
??.?.-11,3,[],,"[""1""]",,,0
??.?.-13,3,[],,"[""6""]",ช่างเสริมสวย,ทำอยู่แล้ว,0
??.?.-17,3,[],,"[""1""]",,,0
??.?.-21,3,"[""3""]",,"[""1""]",,,1
??.?.-22,3,[],,"[""1""]",,,0
??.?.-26,3,[],,"[""1""]",,,0
??.?.-31,3,[],,"[""1""]",,,0
??.?.-32,3,[],,"[""6""]",เย็บผ้า ปะผ้า,ทำอยู่แล้ว,0
??.?.-48,3,"[""3""]",,"[""1""]",,,0
??.?.-62,3,[],,"[""6""]",ธุรกิจบ้านเช่า,อายุมากแล้ว พอมีรายได้บ้างไม่ลำบาก,0
??.?.-27,3,[],,"[""1""]",,,0
??.?.-34,3,[],,"[""1""]",,,0
??.?.-43,3,[],,"[""6""]",สอนร้องเพลงว่ายน้ำ,เป็นอาชีพที่ชอบ,0
??.?.-97,3,"[""5""]",,"[""6""]",สอนพิเศษ,เคยเป็นครูมาก่อน,0
??.?.-85,3,[],,"[""6""]",จัดทัวร์,ชอบและทำอยู่แล้ว,0
??.?.-34,3,[],,"[""1""]",,,0
??.?.-36,3,[],,"[""6""]",ทำงานซักผ้าอยู่กับบ้าน,ทำอยู่แล้ว,0
??.?.-12,3,[],,"[""6""]",รับจ้างซักรีด,ทำอยู่แล้ว,0
??.?.-53,3,[],,"[""1""]",,,0
??.?.-82,3,"[""3""]",,"[""1""]",,,0
??.?.-18,3,[],,"[""2""]",,,0
??.?.-47,3,[],,"[""6""]",ซ่อมมอไซค์,ทำอยู่แล้ว,0
??.?.-62,3,[],,"[""6""]",อยากเป็นพนักงานกวาดถนน,อยากมีรายได้เพิ่ม,0
??.?.-67,3,[],,"[""1""]",,,0
??.?.-81,3,[],,"[""6""]",ขับรถโดยสารประจำทาง,เป็นอาชีพที่ทำอยู่แล้ว,0
??.?.-86,3,[],,"[""1""]",,,0
??.?.-30,3,[],,"[""1""]",,,0
??.?.-41,3,[],,"[""6""]",อยากปลูกผักสวนครัว,อยู่กับบ้าน,0
??.?.-42,3,[],,"[""2""]",,,0
??.?.-61,3,[],,"[""1""]",,,0
??.?.-98,3,[],,"[""6""]",ซักรีด,ทำอยู่แล้ว,0
??.?.-56,3,[],,"[""1""]",,,0
??.?.-83,3,"[""3""]",,"[""6""]",เป็นจิตอาสาของโรงเจ,ใจรัก,0
??.?.-86,3,[],,"[""1""]",,,0
??.?.-69,3,[],,"[""6""]",ดูแลผู้ป่วย,ชำนาญ,0
??.?.-18,3,[],,"[""6""]",รับปะป้า แก้ทรง,ทำอยู่แล้ว,0
??.?.-33,3,[],,"[""6""]",พยาบาลที่โรงงาน,อาชีพเฉพาะทางที่เคยทำ,0
??.?.-48,3,[],,"[""2""]",,,0
??.?.-53,3,[],,"[""6""]",รับจ้าง,อายุเยอะต้องการดูแลบุตรหลานและทำงานที่บ้าน,0
??.?.-62,3,"[""6""]",รับเหมาทำกับข้าวตามงานเป็นครั้งคราว,"[""6""]",รับจัดทำอาหารงานเลี้ยง,สุขภาพไม่แข็งแรงทำได้เป็นบางครั้ง,0
??.?.-65,3,"[""3""]",,"[""1""]",,,0
??.?.-92,3,[],,"[""1""]",,,0
??.?.-97,3,[],,"[""1""]",,,0
??.?.-99,3,"[""5""]",,"[""6""]",ที่ปรึกษา,มีประสบการณ์,1
??.?.-04,3,"[""3""]",,"[""1""]",,,1
??.?.-78,3,"[""6""]",ที่ปรึกษากลุ่มเพื่อสุขภาพและที่ปรึกษาโรงเรียนอนุบาล,"[""6""]",ที่ปรึกษาด้านสุขภาพและวิชาการ,เคยเปิดเนอร์สเซอรี่,1
??.?.-23,3,[],,"[""6""]",ขายของเก่า,ทำอยู่แล้ว,0
??.?.-57,3,[],,"[""6""]",แม่บ้าน,ทำงานอยู่แล้ว,0
??.?.-73,3,[],,"[""1""]",,,0
??.?.-77,3,[],,"[""2""]",,,0
04-0012,4,[],,"[""3""]",,,0
04-0013,4,[],,"[""1""]",,,0
04-0020,4,[],,"[""3""]",,,0
04-0024,4,[],,"[""2""]",,,0
04-0025,4,"[""6""]",ทำเสื่อ(สานเสื่อ),"[""6""]",สานเสื่อขาย,เป็นอาชีพที่ถนัด และมีความสุขที่ได้ทำและเป็นงานที่ทำอยู่กับบ้าน,0
04-0029,4,[],,"[""3""]",,,0
04-0035,4,[],,"[""1""]",,,0
04-0043,4,[],,"[""6""]",เลี้ยงสัตว์,ทำอยู่แล้วและมีใจรักกับงานนี้,0
04-0047,4,[],,"[""2""]",,,0
04-0050,4,[],,"[""1""]",,,0
04-0054,4,[],,"[""3""]",,,0
04-0056,4,[],,"[""6""]",รับจ้างลับมีดกรีดยาง,มีอายุเยอะแล้วทำงานอยู่กับบ้านและเป็นงานที่ถนัด เป็นงานที่ไม่หนักเกินไปกับร่างกาย,0
04-0057,4,[],,"[""3""]",,,0
04-0061,4,[],,"[""6""]",อยากเลี้ยงสัตว์(เลี้ยงแพะ),อยากมีรายได้และเพลิดเพลินมีความสุข,0
04-0064,4,[],,"[""1""]",,,0
04-0070,4,[],,"[""1""]",,,0
04-0071,4,[],,"[""5""]",,,0
04-0073,4,[],,"[""3""]",,,0
04-0075,4,[],,"[""1""]",,,0
04-0089,4,[],,"[""2""]",,,0
04-0121,4,[],,"[""5""]",,,0
04-0123,4,[],,"[""3""]",,,0
04-0133,4,[],,"[""3""]",,,0
04-0145,4,[],,"[""3""]",,,0
04-0149,4,"[""6""]",ปัญหาสุขภาพ,"[""6""]",,"ปัญหาสุขภาพ , ทำไม่ได้",0
04-0151,4,[],,"[""6""]",,ทำไม่ได้ปัญหาสุขภาพ,0
04-0152,4,[],,"[""6""]",,ทำไม่ได้มีปัญหาสุขภาพ,0
04-0153,4,[],,"[""6""]",,"ทำไม่ได้,ปัญหาสุขภาพ",0
04-0159,4,"[""6""]","ทำไม่ได้,ปัญหาสุขภาพ","[""6""]",ไม่มี,ทำไม่ได้เพราะปัญหาสุขภาพ,0
04-0184,4,"[""6""]",ปัญหาสุขภาพ,"[""6""]",,ทำไม่ได้เพราะปัญหาสุขภาพ,0
04-0188,4,[],,"[""6""]",ไม่ต้องการทำงาน,"ปัญหาสุขภาพ,อายุมาก",0
04-0192,4,"[""6""]","ไม่ต้องการทำงาน,ปัญหาสุขภาพ","[""6""]",,ปัญหาสุขภาพ,0
04-0193,4,"[""6""]",ปัญหาสุขภาพ,"[""6""]",,ทำไม่ได้เพราะปัญหาสุขภาพ,0
04-0194,4,"[""6""]",ปัญหาสุขภาพ,"[""6""]",อยากทำปลาส้ม,เหมาะสมกับอายุและสุขภาพร่างกาย,0
04-0195,4,"[""6""]",ปัญหาสุขภาพ,"[""6""]",,ทำไม่ได้เพราะปัญหาสุขภาพ,0
04-0196,4,[],,"[""3""]",,,0
04-0198,4,"[""6""]","ไม่ต้องการ,ปัญหาสุขภาพ","[""6""]",,ทำไม่ได้ปัญหาสุขภาพ,0
04-0203,4,[],,"[""6""]",,ทำไม่ได้เพราะปัญหาสุขภาพ,0
04-0206,4,[],,"[""6""]",,ทำไม่ได้ปัญหาสุขภาพ,0
04-0214,4,[],,"[""6""]",,ทำไม่ได้ปัญหาสุขภาพ,0
04-0217,4,"[""6""]",ไม่ต้องการเพราะปัญหาสุขภาพ,"[""6""]",,ปัญหาสุขภาพ,0
04-0218,4,"[""6""]",ปัญหาสุขภาพ,"[""6""]",,มีปัญหาสุขภาพ,0
04-0223,4,"[""6""]",สุขภาพไม่ดี,"[""6""]",,ทำไม่ได้เพราะปัญหาสุขภาพ,0
04-0224,4,"[""6""]","ไม่ต้องการ,ปัญหาสุขภาพ","[""6""]",,"ทำไม่ได้,ปัญหาสุขภาพ",0
04-0228,4,[],,"[""6""]",,ทำไม่ได้ปัญหาสุขภาพ,0
04-0237,4,[],,"[""6""]",,ทำไม่ได้มีปัญหาสุขภาพ,0
04-0240,4,[],,"[""1""]",,,0
04-0247,4,[],,"[""6""]",,ปัญหาสุขภาพ,0
04-0248,4,"[""6""]","ไม่ต้องการ,ปัญหาสุขภาพ","[""6""]",,ทำไม่ได้เพราะปัญหาสุขภาพ,0
04-0249,4,[],,"[""6""]",,ไม่ต้องการทำงานเพราะปัญหาสุขภาพ,0
04-0250,4,[],,"[""6""]",,มีปัญหาสุขภาพ,0
04-0256,4,"[""6""]",ปัญหาสุขภาพ,"[""6""]",,"ปัญหาสุขภาพ,ทำไม่ได้",0
04-0269,4,[],,"[""6""]",,"ไม่สามารถ,ปัญหาสุขภาพ",0
04-0272,4,[],,"[""6""]",,ทำไม่ได้ปัญหาสุขภาพ,0
04-0273,4,[],,"[""6""]",,ทำไม่ได้เพราะปัญหาสุขภาพ,0
04-0275,4,"[""6""]",ไม่ต้องการเพระาปัญหาสุขภาพ,"[""6""]",ไม่มี,ทำไม่ได้เพราะปัญหาสุขภาพ,0
04-0282,4,[],,"[""6""]",,ปัญหาสุขภาพ,0
04-0283,4,[],,"[""6""]",,ทำไม่ได้ปัญหาสุขภาพ,0
04-0287,4,"[""6""]",มีปัญหาสุขภาพ,"[""6""]",,มีปัญหาสุขภาพ,0
04-0292,4,[],,"[""6""]",,ทำไม่ได้ปัญหาสุขภาพ,0
04-0293,4,"[""6""]",ไม่ต้องการมีปัญหาสุขภาพ,"[""6""]",,ทำไม่ได้ปัญหาสุขภาพ,0
04-0301,4,[],,"[""3""]",,,0
04-0306,4,[],,"[""6""]",,ปัญหาสุขภาพ,0
04-0307,4,[],,"[""6""]",,ทำไม่ได้เพราะปัญหาสุขภาพ,0
04-0312,4,[],,"[""1""]",,,0
04-0333,4,"[""6""]",ไม่สามารถประกอบอาชีพได้,"[""6""]",,"สภาพร่างกายไม่อำนวย,ลูกดูแล",0
04-0352,4,"[""6""]",ไม่สามารถทำงานได้,"[""1""]",,,0
04-0364,4,[],,"[""5""]",,,0
04-0365,4,"[""3"",""6""]",ขายของเล็กๆน้อยๆ,"[""1""]",,,0
04-0371,4,"[""6""]",ไม่สามารถประกอบอาชีพได้,"[""6""]",ไม่สามารถประกอบอาชีพได้,ชราภาพ ติดบ้าน,0
04-0373,4,[],,"[""1""]",,,0
04-0374,4,"[""5""]",,"[""6""]",รับจ้าง,รับจ้างทำขนมอยู่ที่บ้าน จะสามารถดูแลสามีที่ป่วยอยู่ในบ้านได้ด้วย,0
04-0375,4,"[""3"",""6""]",รับจ้าง,"[""1""]",,,0
04-0376,4,[],,"[""3""]",,,0
04-0377,4,[],,"[""6""]","ทำโรงงานไม้แปรรูป,ติดตั้งกระจกอลูมิเนียม",เป็นงานที่ถนัด ใจรัก,0
04-0379,4,[],,"[""4""]",,,0
04-0382,4,[],,"[""1""]",,,0
04-0383,4,"[""6""]",ไม่ต้องการทำเพราะปัญหาสุขภาพ,"[""6""]",,ร่างกายไม่อำนวย,0
04-0389,4,"[""5"",""6""]",ไม่สามารประกอบอาชีพได้,"[""2""]",,,0
04-0392,4,[],,"[""2""]",,,0
04-0393,4,[],,"[""3""]",,,0
04-0394,4,"[""6""]",ครูสอนศาสนา,"[""6""]",ครูสอนศาสนา,มีความรูอยากถ่ายทอด สอนคน,1
04-0399,4,[],,"[""6""]",ทำสวน,"ความสามารถได้แค่ทำขนมอยู่ในบ้านของตนเอง,ลูกดูแล,มีรายได้จากการเกษตรสวนปาล์มที่ลูกดูแลให้",0
04-0400,4,"[""1""]",,"[""6""]",ไม่มี,ร่างกายไม่เอื้ออำนวย,0
04-0401,4,[],,"[""4""]",,,0
04-0408,4,[],,"[""6""]",ตัดเย็บเสื้อผ้า,"อาจจะไม่มีเรี่ยวแรงพอในการประกอบอาชีพหลักอย่างเกษตรกร,ให้ลูกดูแลสวนยาง",0
04-0409,4,[],,"[""2""]",,,0
04-0410,4,[],,"[""1""]",,,0
04-0411,4,"[""6""]",ไม่สามารถประกอบอาชีพได้,"[""6""]","แม่บ้าน,เลี้ยงหลานอยู่กับบ้าน",ลูกไม่ให้ทำงานด้วยสภาพร่างกายทีไม่เอื้ออำนวย สุขภาพไม่ค่อยดีเท่าไร,0
04-0412,4,[],,"[""6""]",ตัดเย็บ,เป็นงานที่ถนัด และปัญหาสุขภาพที่ไม่สามารถออกนอกบ้านได้,0
04-0413,4,[],,"[""2""]",,,0
04-0414,4,[],,"[""1""]",,,0
04-0422,4,[],,"[""4""]",,,0
04-0424,4,[],,"[""4""]",,,0
04-0425,4,"[""6""]",ไม่สามารถประกอบอาชีพได้,"[""6""]",,ลูกดูแล,0
04-0427,4,[],,"[""6""]",,จ้างคนกรีดยางแล้ว   สภาพร่างกายไม่สามารถประกอบอาชีพได้,0
04-0428,4,"[""6""]",ไม่ต้องการ,"[""6""]",ไม่มี,"สุขภาพไม่เอื้ออำนวย,เลี้ยงหลาน",0
04-0431,4,"[""3""]",,"[""1""]",,,1
04-0433,4,[],,"[""1""]",,,0
04-0434,4,[],,"[""1""]",,,0
04-0440,4,[],,"[""1""]",,,0
04-0445,4,"[""1""]",,"[""2""]",,,0
04-0447,4,[],,"[""1""]",,,0
04-0449,4,[],,"[""1""]",,,0
04-0452,4,[],,"[""6""]",ไม่สามารถประกอบอาชีพได้,"ลูกดูแล,จ้างคนทำสวน กรีดยาง",0
04-0455,4,"[""6""]",จักรสาน,"[""6""]",ประเภทเครื่องจักรสาน,ทำงาน 5 อาชีพนี้ไม่ไหวแล้ว,0
04-0459,4,[],,"[""3""]",,,0
04-0468,4,[],,"[""3""]",,,0
04-0470,4,"[""6"",""2""]",ก่อสร้าง,"[""6""]",,ลูกไม่ต้องการให้ทำงาน ลูกรับราชการ,1
04-0473,4,"[""6""]",เลียงสัตว์,"[""6""]",,ลูกไม่ให้ทำงาน,0
04-0474,4,[],,"[""3""]",,,0
04-0477,4,[],,"[""3""]",,,0
04-0482,4,"[""2""]",,"[""3""]",,,0
04-0489,4,[],,"[""2"",""3"",""5""]",,,0
04-0495,4,"[""5""]",,"[""6""]",,คิดว่าทำไม่ไหวแล้ว,1
04-0496,4,[],,"[""3""]",,,0
04-0502,4,[],,"[""3""]",,,0
04-0506,4,"[""2"",""6""]",กรีดยางของตนเอง,"[""3""]",,,0
04-0508,4,[],,"[""3""]",,,0
04-0511,4,[],,"[""6""]",ขับรถได้ทุกประเภท,ต้องการหารายได้เพื่อมาเลี้ยงครอบครัง,0
04-0517,4,"[""5"",""6""]",ปลูกมันสำปะหลัง,"[""6""]",,ไม่อยากทำงานหนัก  อายุมากแล้ว,1
04-0522,4,"[""6""]",ปลูกผักระยะสั้น,"[""6""]",,สุขภาพไม่อำนวย ลูกไม่ต้องการให้ทำงาน,0
04-0524,4,"[""1"",""6""]",พืชล้มลุก,"[""6""]",อยากปลูกผัก ช่วยลูกในไร่ เพื่อมีรายได้เพิ่ม,"ไม่อยากอยู่เฉยๆ อยากมีรายำด้เข้ามาบ้าง, 5 อาชีพที่กำหนดมาให้คงคิดว่าทำไม่ไหวแล้ว",1
04-0544,4,[],,"[""3""]",,,0
04-0545,4,[],,"[""6""]",,ลูกไม่ต้องการให้ทำงานอีก,0
04-0548,4,"[""5"",""6""]",ประเภทก่อสร้าง,"[""6""]",,ลุกไม่ต้องการให้ทำงานประจำเพราะอายุมากแล้ว,1
04-0551,4,"[""6""]","ปลูกผักระยะสั้น,พืชสวนครัว","[""1""]",,,0
04-0553,4,[],,"[""3""]",,,0
04-0557,4,[],,"[""2"",""5"",""3""]",,,0
04-0564,4,[],,"[""3""]",,,0
04-0569,4,"[""6""]",ปลูกพืชระยะสั้น,"[""6""]",,คิดว่าทำไม่ได้แล้ว,0
04-0571,4,"[""1""]",,"[""6""]",,ลูกไม่ต้องการให้ทำงานเพราะคิดว่าทำไม่ได้แล้ว,1
04-0573,4,[],,"[""3""]",,,0
04-0586,4,[],,"[""3""]",,,0
04-0588,4,"[""6""]",จักรสาน,"[""2""]",,,0
04-0590,4,"[""2"",""6""]",ปลูผักสวนครัว,"[""2"",""3""]",,,0
04-0591,4,[],,"[""6""]",เลี้ยงวัว,ให้มีรายได้เพิ่มเพื่อนำมาเลี้ยงครอบครัว,0
04-0592,4,[],,"[""6""]",,ลูกไม่อยากให้ทำงานหนัก เป็นห่วงสุขภาพของมารดา,0
04-0594,4,[],,"[""2"",""5""]",,,0
04-0598,4,"[""3""]",,"[""1""]",,,0
04-0600,4,[],,"[""6""]",,"ร่างกายไม่แข็งแรง,เข่าไม่ดี",0
04-0605,4,[],,"[""6""]",,ไม่อยากทำงานเพราะอายุเยอะ,0
04-0613,4,[],,"[""3""]",,,0
04-0615,4,[],,"[""6""]",,"หูไม่ค่อยได้ยิน,อายุเยอะ,ร่างกายไม่ไหว",0
04-0616,4,[],,"[""2""]",,,0
04-0617,4,[],,"[""3""]",,,0
04-0620,4,[],,"[""6""]",,ร่างกายไม่แข็งแรงพอ,0
04-0621,4,[],,"[""6""]",ปลูกผักข้างบ้าน,"ร่างกายไม่ไหวในการทำงานหนัก,อายุเยอะ",0
04-0626,4,"[""1""]",,"[""6""]",,"อายุเยอะ,ลูกไม่ให้ทำงาน",0
04-0629,4,"[""6""]",ไม่ต้องการทำงานร่างกายไม่ไหว,"[""6""]",,"อายุเยอะไม่อยากทำงาน,ปลูกผักข้างบ้าน",0
04-0632,4,[],,"[""6""]",,อายุมากและร่างกายไม่ไหว,0
04-0633,4,[],,"[""6""]",,สายตามองไม่ค่อยเห็น(ไม่อยากทำงาน),0
04-0636,4,[],,"[""6""]",,อายุเยอะแล้วไม่อยากทำงานที่ใช้แรงเยอะ,0
04-0639,4,"[""1""]",,"[""6""]",ปลูกผักข้างบ้านได้เป็นครั้งคราว,อายุมากแล้วทำงานไม่ไหว,0
04-0641,4,[],,"[""6""]",,ทำงานไม่ได้ ไม่แข็งแรง ความจำไม่ดี,0
04-0643,4,[],,"[""4""]",,,0
04-0647,4,[],,"[""6""]",ปลูกผักข้างบ้าน,อายุเยอะทำงานได้ไม่มาก,0
04-0648,4,[],,"[""6""]",,อายุมากแล้ว คิดว่าไม่น่าจะทำไหว,0
04-0649,4,[],,"[""6""]",,"เจ็บเข่าทำงานไม่ไหว,อายุเยอะแล้ว",0
04-0650,4,"[""1""]",,"[""2""]",,,0
04-0651,4,[],,"[""2""]",,,0
04-0653,4,[],,"[""6""]",อยากปลูกผักข้างบ้านไว้กินเอง,ไม่ต้องใช้แรงเยอะ,0
04-0657,4,[],,"[""6""]",,"อายุเยอะ,ร่างกายไม่ไหว,ทำค้าขายอยู่แล้ว",0
04-0658,4,[],,"[""6""]",,อายุเยอะร่างกายไม่ไหว,0
04-0660,4,[],,"[""1""]",,,0
04-0661,4,[],,"[""1""]",,,0
04-0663,4,[],,"[""3""]",,,0
04-0670,4,"[""1""]",,"[""6""]",,ร่างกายไม่แข็งแรงไม่อยากทำงาน และอยู่ในความดูแลของลูกหลาน,0
04-0673,4,[],,"[""6""]",,ไม่อยากทำงานเพราะอายุมาก,0
04-0678,4,[],,"[""6""]",,ทำงานไม่ไหวแล้ว มองไม่เห็น เห็นไม่ชัด อายุมากแล้ว,0
04-0679,4,[],,"[""3""]",,,0
04-0686,4,"[""1""]",,"[""6""]",,"ไม่ต้องการทำ,อายยุเยอะ,อยากอยู่กับลูกหลานที่บ้าน",0
04-0719,4,[],,"[""4""]",,,0
04-0724,4,"[""3""]",,"[""1""]",,,0
04-0731,4,"[""2""]",,"[""3""]",,,1
04-0732,4,"[""3""]",,"[""6""]",,อายุเยอะเกิน,0
04-0733,4,"[""3""]",,"[""1""]",,,1
04-0734,4,[],,"[""3""]",,,0
04-0735,4,[],,"[""1""]",,,0
04-0736,4,[],,"[""3""]",,,0
04-0743,4,"[""2""]",,"[""1""]",,,0
04-0748,4,[],,"[""1""]",,,0
04-0749,4,"[""1""]",,"[""4""]",,,0
04-0752,4,"[""5""]",,"[""2""]",,,0
04-0764,4,"[""3"",""5""]",,"[""1""]",,,0
04-0769,4,[],,"[""3""]",,,0
04-0771,4,"[""6""]",จักรสาน ลอกใบจาก,"[""6""]",งานด้านฝีมือ,นั่งอยู่กับบ้านทำงานนอกบ้านไม่ไหว อายุเยอะ ค้าขายเครื่องจักรสานที่ทำเอง,0
04-0774,4,[],,"[""4""]",,,0
04-0777,4,"[""3""]",,"[""1""]",,,0
04-0780,4,"[""2""]",,"[""3""]",,,0
04-0784,4,[],,"[""3""]",,,0
04-0786,4,"[""2""]",,"[""3""]",,,0
04-0788,4,"[""1"",""4"",""2""]",,"[""3""]",,,1
04-0789,4,[],,"[""2""]",,,0
04-0792,4,[],,"[""3""]",,,0
04-0797,4,[],,"[""3""]",,,0
04-0798,4,[],,"[""3""]",,,0
04-0801,4,"[""1""]",,"[""6""]",ไม่ต้องการ,ร่างกายพิการ เดินไม่ไหว,0
04-0803,4,[],,"[""3""]",,,0
04-0811,4,"[""1""]",,"[""4""]",,,0
04-0813,4,"[""2""]",,"[""3""]",,,0
04-0818,4,"[""5""]",,"[""6""]",ผู้สูงอายุไม่เลือกอาชีพไหนทั้งนั้น,ร่างกายไม่สมบูรณ์ไม่สามารถทำงานได้,0
04-0824,4,"[""3""]",,"[""1""]",,,0
04-0829,4,"[""2""]",,"[""3""]",,,0
04-0831,4,[],,"[""3""]",,,0
04-0833,4,"[""2""]",,"[""6""]",,มีโรคประจำตัวจึงไม่อยากทำงาน,0
04-0838,4,[],,"[""1""]",,,0
04-0842,4,"[""5""]",,"[""6""]",รับจ้างทั่วไป,มีผู้พิการ 2 คนอยู่ที่บ้านและต้องคอยดูแล,0
04-0843,4,[],,"[""6""]",,เป็นโรคหอบร่างกายไม่แข็งแรง,0
04-0850,4,[],,"[""3""]",,,0
04-0851,4,[],,"[""1""]",,,0
04-0861,4,[],,"[""6""]",,ร่างกายไม่สามารถทำงานได้,0
04-0862,4,[],,"[""6""]",,ร่างกายไม่สามารถทำงานได้,0
04-0865,4,[],,"[""5""]",,,0
04-0870,4,[],,"[""3""]",,,0
04-0871,4,[],,"[""6""]",ทำสวนปาล์มและเลี้ยงสัตว์,มีวัวเลี้ยงเองเป็นของตัวเอง และปลูกปาล์มเป็นงานที่ถนัด,0
04-0876,4,[],,"[""3""]",,,0
04-0880,4,[],,"[""6""]",ไม่มี,ผู้สูงอายุไม่สามารถทำงานได้,0
04-0882,4,[],,"[""3""]",,,0
04-0887,4,[],,"[""2""]",,,0
04-0888,4,[],,"[""2""]",,,0
04-0893,4,[],,"[""6""]",,ลูกหลานไม่ให้ทำงานเพราะอายุเยอะแล้ว,0
04-0900,4,[],,"[""2""]",,,0
04-0902,4,"[""6""]",ทำไม่ได้ ไม่ทำ,"[""6""]",,เพราะพิการทำงานไม่ได้สุขภาพก็ไม่ดีพอที่จะทำงานต่อไปในอนาคต,0
04-0909,4,"[""6""]",ปลูกผัก,"[""6""]",,เป็นผู้สูงอายุ สุขภาพร่างกายไม่สะดวกในการทำงาน,0
04-0919,4,"[""6""]",ไม่ต้องการทำงาน,"[""6""]",ไม่มี,เป็นผู้สูงอายุทำงานไม่ได้,0
04-0920,4,[],,"[""6""]",,ผู้สูงอายุไม่สามารถทำงานในอนาคตได้,0
04-0925,4,[],,"[""6""]",,ต้องการพักผ่อน,0
04-0928,4,[],,"[""2""]",,,0
04-0931,4,"[""1""]",,"[""6""]",,ร่างกายไม่สมบูรณ์ ไม่สามารถทำงานได้,0
04-0943,4,"[""1""]",,"[""6""]",,ลูกหลานไม่ให้ทำเพราะเป็นผู้สูงอายุและสุขภาพไม่แข็งแรงพอที่จะทำงานได้ในอนาคต,0
04-0949,4,"[""6""]",ไม่ต้องการทำงาน,"[""6""]",,ผู้สูงอายุทำงานลำบากร่างกายไม่สามารถทำงานได้,0
04-0961,4,"[""6""]",สูงอายุ,"[""6""]",,สูงอายุทำงานไม่ได้,0
04-0963,4,"[""6""]",ไม่ต้องการ,"[""6""]",,ลูกไม่ให้ทำงานเพราะเป็นผู้สูงอายุกลัวจะเกิดการหกล้ม,0
04-0966,4,"[""6""]",ปลูกผัก,"[""6""]",ไม่มี,ร่างกายไม่สมบูรณ์แบบทำงานไม่ได้ ลูกดูแล,0
04-0968,4,[],,"[""6""]",,เพราะงานที่ทำอยู่แล้วพอที่ร่างกายทำได้ ไม่ขอทำต่อในอนาคต,0
04-0969,4,[],,"[""2""]",,,0
04-0986,4,"[""6""]",ปลูกผัก,"[""6""]",ทำงานไม่ไหว,ผู้สูงอายุ,0
04-0987,4,"[""6""]",ทำไม่ได้,"[""6""]",,ร่างกายไม่สามารถทำงานต่อไปได้,0
04-0988,4,"[""1""]",,"[""6""]",,ผู้สูงอายุ ไม่มีความสามารถในการทำงาน,0
04-0990,4,"[""6""]",จักรสาน,"[""6""]",,บุตรหลานไม่ให้ทำงานเพราะเป็นผู้สูงอายุ สภาพร่างกายไม่เหมาะที่จะทำงาน,0
04-0991,4,"[""6""]",จักรสาน,"[""6""]",,สูงอายุร่างกายไม่แข็งแรงพอที่จะทำงาน,0
04-1015,4,[],,"[""3""]",,,0
04-1017,4,[],,"[""6""]",ต้องการทำประมง,ถนัดในด้านนี้ มีอุปกรณ์พร้อม,0
04-1022,4,[],,"[""6""]",,ร่างกายไม่แข็งแรงพอที่จะทำงาน,0
04-1027,4,"[""1""]",,"[""6""]",,มีปัญหาาสุขภาพ ร่างกายไม่แข็งแรง มีความเหนื่อยง่ายและมีโรคประจำตัวเยอะ,0
04-1029,4,[],,"[""2""]",,,0
04-1031,4,"[""1""]",,"[""1""]",,,0
04-1032,4,[],,"[""4""]",,,0
04-1040,4,[],,"[""1""]",,,0
04-1042,4,[],,"[""3""]",,,0
04-1044,4,[],,"[""1""]",,,0
04-1045,4,"[""1""]",,"[""1""]",,,0
04-1056,4,[],,"[""3""]",,,0
04-1057,4,[],,"[""3""]",,,0
04-1061,4,[],,"[""6""]",ปลูกผักข้างบ้านกินเอง,อายุเยอะ ร่างกายไม่ไหว,0
04-1067,4,"[""2""]",,"[""6""]",,ร่างกายไม่พร้อม เนื่องด้วยสุขภาพไม่ดี,0
04-1072,4,[],,"[""3""]",,,0
04-1074,4,[],,"[""3""]",,,0
04-1078,4,[],,"[""3""]",,,0
04-1083,4,"[""1""]",,"[""6""]",เลี้ยงสัตว์,เป็นงานที่ต้องถนัดและสามารถทำงานบริเวณบ้านได้,0
04-1089,4,"[""1""]",,"[""6""]",ปลูกผัก,ปลูกผักไว้ทำกับข้าวกินเอง,0
04-1106,4,"[""1"",""3""]",,"[""6""]",,ไม่สามารถทำงานได้ เนื่องจากมีอายุเยอะทำให้สุขภาพร่างกายไม่แข็งแรงและมีปัญหาสุขภาพ,0
04-1109,4,[],,"[""2""]",,,0
04-1110,4,[],,"[""1""]",,,0
04-1113,4,[],,"[""4""]",,,0
04-1114,4,"[""1""]",,"[""2""]",,,0
04-1117,4,[],,"[""3""]",,,0
04-1119,4,"[""1""]",,"[""6""]",,ทำงานไม่ได้เพราะมีปัญหาสุขภาพ ร่างกายมีปัญหามือพิการ,0
04-1122,4,"[""1""]",,"[""6""]",ปลูกผัก,เป็นงานที่ง่าย สบาย ออกแรงไม่เยอะ,0
04-1123,4,[],,"[""3""]",,,0
04-1125,4,[],,"[""3""]",,,0
04-1126,4,[],,"[""3""]",,,0
04-1128,4,"[""1""]",,"[""6""]",ไม่ต้องการทำงาน,ร่างกายทำงานไม่ไหว,0
04-1130,4,[],,"[""3""]",,,0
04-1132,4,"[""1""]",,"[""6""]",ไม่ต้องการทำงาน,ร่างกายไม่ไหวอายุเยอะ มีปัญหาสุขภาพ ,0
04-1133,4,[],,"[""6""]",รับจ้างทั่วไปใกล้บ้าน,ต้องการทำงานใกล้บ้านเพราะอายุเยอะ,0
04-1136,4,[],,"[""6""]",,เพราะมีปัญหาด้านร่างกาย ปวดเมื่อยตามร่างกาย มีปัญหาสุขภาพ,0
04-1138,4,[],,"[""3""]",,,0
04-1139,4,"[""2""]",,"[""3""]",,,1
04-1142,4,"[""5""]",,"[""6""]",เลี้ยงสัตว์,เป็นอาชีพที่ถนัด,1
04-1143,4,"[""5""]",,"[""6""]",ไม่มี,มีปัญหาสุขภาพ เดินไม่ถนัด,0
04-1144,4,[],,"[""3""]",,,0
04-1146,4,[],,"[""6""]",,มีปัญหาร่างกาย ปัญหาสุขภาพ,0
04-1149,4,"[""3""]",,"[""1""]",,,0
04-1150,4,"[""2""]",,"[""3""]",,,0
04-1155,4,[],,"[""6""]",,สภาพร่างกายไม่อำนวย,0
04-1158,4,[],,"[""3""]",,,0
04-1159,4,[],,"[""6""]",ปลูกผัก,เป็นงานที่ไม่หนักมากเหมาะกับสภาพร่างกาย,0
04-1163,4,[],,"[""4""]",,,0
04-1168,4,"[""2""]",,"[""3""]",,,0
04-1172,4,[],,"[""6""]",,สภาพร่างกาไม่อำนวย  อายุมาก  และต้องดูแลลูกที่ไม่สบาย,0
04-1178,4,[],,"[""4""]",,,0
04-1180,4,[],,"[""5""]",,,0
04-1185,4,[],,"[""1""]",,,0
04-1186,4,[],,"[""2"",""3""]",,,0
04-1187,4,[],,"[""4""]",,,0
04-1191,4,[],,"[""4""]",,,0
04-1195,4,[],,"[""6""]",รับจ้างลับมีด,เหมาะกับสุขภาพร่างกาย,0
04-1200,4,"[""6""]",ไม่สามารถประกอบอาชีพได้,"[""6""]",ไม่สามารถทำงานได้,"สภาพร่างกายชรา,ลูกดูแลอยู่แล้ว",0
04-1203,4,"[""6""]",ไม่ได้ประกอบอาชีพ,"[""6""]",ไม่สามารถประกอบอาชีพได้,ชราภาพ,0
04-1207,4,[],,"[""4""]",,,0
04-1211,4,"[""6""]",ไม่สามารถประกอบอาชีพได้ ร่างกายไม่เอื้ออำนวย,"[""6""]",ไม่สามารถประกอบอาชีพได้,"ชราภาพ,พิการทางด้านสายตา,เดินไม่ได้",0
04-1213,4,"[""2""]",,"[""2"",""3""]",,,0
04-1229,4,"[""6""]","ทำงานไม่ได้,ลูกหลานดูแล","[""6""]",,ไม่สามารถประกอบอาชีพได้,0
04-1238,4,"[""6""]",แม่บ้าน,"[""6""]",,ไม่สามารถประกอบอาชีพได้  ดูแลหลานอยู่บ้านกัยลูก,0
04-1239,4,[],,"[""2""]",,,0
04-1247,4,"[""6""]",ไม่สามารถทำงานได้,"[""6""]",ปลูกผักข้างบ้าน,ไม่มีเรี่ยวแรงมากด้วยสุขภาพและความชรา,0
04-1251,4,[],,"[""4""]",,,0
04-1253,4,[],,"[""2""]",,,0
04-1254,4,[],,"[""1""]",,,0
04-1259,4,[],,"[""1""]",,,0
04-1283,4,[],,"[""1""]",,,0
04-1293,4,[],,"[""2""]",,,0
04-1295,4,[],,"[""6""]",ร.ป.ภ.,มีใจรักกับงานนี้ เป็นงานที่ถนัด,0
04-1306,4,[],,"[""2""]",,,0
04-1311,4,"[""1""]",,"[""5""]",,,0
04-1312,4,[],,"[""3""]",,,0
04-1314,4,[],,"[""2""]",,,0
04-1316,4,"[""2""]",,"[""1""]",,,0
04-1319,4,[],,"[""2""]",,,0
04-1322,4,[],,"[""3""]",,,0
04-1323,4,[],,"[""1""]",,,0
04-1328,4,[],,"[""6""]",เลี้ยงไก่ขายอยู่ที่บ้าน,อายุมากขึ้นสภาพร่างกายไม่ค่อยแข็งแรง เน่องจากประสบอุบัติเหตุถูกรถชนจึงอยากทำงานอยู่ที่บ้าน,0
04-1330,4,[],,"[""3""]",,,0
04-1340,4,[],,"[""3""]",,,0
